Timestamp,Open,High,Low,Close,Volume (Ticks)
2025-11-09 20:30:40,2499.85,2500.2,2499.85,2500.2,4
2025-11-09 20:31:40,2500.2,2500.6,2500.08,2500.6,4
2025-11-09 20:32:40,2500.6,2500.6,2500.04,2500.52,4
2025-11-09 20:33:40,2500.52,2501.25,2500.52,2501.23,4
2025-11-09 20:34:40,2501.23,2502.49,2501.23,2502.49,4
2025-11-09 20:35:40,2502.49,2502.49,2502.04,2502.18,4
2025-11-09 20:36:40,2502.18,2502.45,2502.18,2502.31,4
2025-11-09 20:37:40,2502.31,2502.31,2501.97,2502.27,4
2025-11-09 20:38:40,2502.27,2502.48,2502.02,2502.02,4
2025-11-09 20:39:40,2502.02,2502.02,2501.46,2501.55,4
2025-11-09 20:40:40,2501.55,2501.55,2500.92,2500.92,4
2025-11-09 20:41:40,2500.92,2501.2,2500.45,2501.2,4
2025-11-09 20:42:40,2501.2,2501.69,2501.2,2501.69,4
2025-11-09 20:43:40,2501.69,2502.78,2501.69,2502.78,4
2025-11-09 20:44:40,2502.78,2503.14,2502.41,2502.41,4
2025-11-09 20:45:40,2502.41,2502.41,2501.78,2501.93,4
2025-11-09 20:46:40,2501.93,2502.36,2501.87,2501.87,4
2025-11-09 20:47:40,2501.87,2502.17,2501.8,2501.8,4
2025-11-09 20:48:40,2501.8,2502.27,2501.8,2502.27,4
2025-11-09 20:49:40,2502.27,2503.28,2502.27,2503.28,4
2025-11-09 20:50:40,2503.28,2503.59,2503.27,2503.27,4
2025-11-09 20:51:40,2503.27,2503.91,2503.27,2503.59,4
2025-11-09 20:52:40,2503.59,2504.19,2503.59,2504.19,4
2025-11-09 20:53:40,2504.19,2504.19,2503.57,2503.57,4
2025-11-09 20:54:40,2503.57,2503.57,2502.98,2502.98,4
2025-11-09 20:55:40,2502.98,2502.98,2502.31,2502.31,4
2025-11-09 20:56:40,2502.31,2502.71,2502.19,2502.19,4
2025-11-09 20:57:40,2502.19,2502.19,2501.55,2501.65,4
2025-11-09 20:58:40,2501.65,2502.23,2501.65,2501.87,4
2025-11-09 20:59:40,2501.87,2502.2,2501.87,2502.2,4
2025-11-09 21:00:40,2502.2,2502.53,2502.04,2502.53,4
2025-11-09 21:01:40,2502.53,2502.97,2502.53,2502.93,4
2025-11-09 21:02:40,2502.93,2503.2,2502.86,2502.86,4
2025-11-09 21:03:40,2502.86,2502.86,2502.2,2502.28,4
2025-11-09 21:04:40,2502.28,2502.34,2502.21,2502.34,4
2025-11-09 21:05:40,2502.34,2502.98,2502.34,2502.98,4
2025-11-09 21:06:40,2502.98,2503.23,2502.61,2503.23,4
2025-11-09 21:07:40,2503.23,2504.3,2503.23,2504.3,4
2025-11-09 21:08:40,2504.3,2504.64,2504.3,2504.64,4
2025-11-09 21:09:40,2504.64,2504.64,2504.36,2504.55,4
2025-11-09 21:10:40,2504.55,2504.76,2504.33,2504.67,4
2025-11-09 21:11:40,2504.67,2505.52,2504.67,2505.52,4
2025-11-09 21:12:40,2505.52,2505.52,2504.61,2504.61,4
2025-11-09 21:13:40,2504.61,2504.9,2504.24,2504.24,4
2025-11-09 21:14:40,2504.24,2504.24,2503.61,2503.61,4
2025-11-09 21:15:40,2503.61,2503.61,2503.29,2503.33,4
2025-11-09 21:16:40,2503.33,2503.63,2503.13,2503.43,4
2025-11-09 21:17:40,2503.43,2503.62,2503.13,2503.62,4
2025-11-09 21:18:40,2503.62,2503.62,2502.57,2502.57,4
2025-11-09 21:19:40,2502.57,2502.69,2501.92,2501.92,4
2025-11-09 21:20:40,2501.92,2502.42,2501.74,2502.42,4
2025-11-09 21:21:40,2502.42,2503.6,2502.42,2503.6,4
2025-11-09 21:22:40,2503.6,2503.6,2503.29,2503.29,4
2025-11-09 21:23:40,2503.29,2503.29,2502.75,2502.85,4
2025-11-09 21:24:40,2502.85,2502.85,2502.43,2502.43,4
2025-11-09 21:25:40,2502.43,2502.85,2502.04,2502.85,4
2025-11-09 21:26:40,2502.85,2502.85,2502.05,2502.05,4
2025-11-09 21:27:40,2502.05,2502.52,2502.05,2502.35,4
2025-11-09 21:28:40,2502.35,2502.35,2501.66,2501.66,4
2025-11-09 21:29:40,2501.66,2501.66,2501.27,2501.31,4
2025-11-09 21:30:40,2501.31,2502.11,2501.31,2501.81,4
2025-11-09 21:31:40,2501.81,2502.43,2501.81,2502.43,4
2025-11-09 21:32:40,2502.43,2503.23,2502.43,2503.23,4
2025-11-09 21:33:40,2503.23,2503.25,2502.57,2502.57,4
2025-11-09 21:34:40,2502.57,2502.88,2502.57,2502.61,4
2025-11-09 21:35:40,2502.61,2503.1,2502.61,2502.92,4
2025-11-09 21:36:40,2502.92,2503.41,2502.92,2503.29,4
2025-11-09 21:37:40,2503.29,2503.76,2503.29,2503.34,4
2025-11-09 21:38:40,2503.34,2503.66,2503.34,2503.51,4
2025-11-09 21:39:40,2503.51,2503.71,2503.51,2503.63,4
2025-11-09 21:40:40,2503.63,2503.87,2503.43,2503.43,4
2025-11-09 21:41:40,2503.43,2503.43,2502.81,2502.86,4
2025-11-09 21:42:40,2502.86,2502.86,2502.41,2502.41,4
2025-11-09 21:43:40,2502.41,2502.53,2501.83,2501.83,4
2025-11-09 21:44:40,2501.83,2501.97,2501.75,2501.79,4
2025-11-09 21:45:40,2501.79,2502.66,2501.79,2502.66,4
2025-11-09 21:46:40,2502.66,2502.88,2502.59,2502.59,4
2025-11-09 21:47:40,2502.59,2502.94,2502.51,2502.94,4
2025-11-09 21:48:40,2502.94,2502.94,2502.46,2502.54,4
2025-11-09 21:49:40,2502.54,2503.07,2502.54,2503.0,4
2025-11-09 21:50:40,2503.0,2503.01,2502.15,2502.15,4
2025-11-09 21:51:40,2502.15,2502.15,2501.3,2501.3,4
2025-11-09 21:52:40,2501.3,2501.96,2501.3,2501.86,4
2025-11-09 21:53:40,2501.86,2501.86,2501.45,2501.45,4
2025-11-09 21:54:40,2501.45,2501.45,2500.42,2500.42,4
2025-11-09 21:55:40,2500.42,2500.65,2500.24,2500.65,4
2025-11-09 21:56:40,2500.65,2501.04,2500.65,2500.98,4
2025-11-09 21:57:40,2500.98,2501.07,2500.71,2500.94,4
2025-11-09 21:58:40,2500.94,2500.94,2500.64,2500.64,4
2025-11-09 21:59:40,2500.64,2500.64,2499.85,2499.85,4
2025-11-09 22:00:40,2499.85,2500.27,2499.85,2500.27,4
2025-11-09 22:01:40,2500.27,2500.3,2499.96,2500.11,4
2025-11-09 22:02:40,2500.11,2500.15,2499.83,2499.83,4
2025-11-09 22:03:40,2499.83,2499.87,2499.48,2499.48,4
2025-11-09 22:04:40,2499.48,2499.48,2499.12,2499.37,4
2025-11-09 22:05:40,2499.37,2499.69,2499.3,2499.3,4
2025-11-09 22:06:40,2499.3,2499.3,2498.93,2499.25,4
2025-11-09 22:07:40,2499.25,2499.43,2499.09,2499.09,4
2025-11-09 22:08:40,2499.09,2499.09,2498.9,2499.04,4
2025-11-09 22:09:40,2499.04,2499.44,2498.77,2498.77,4
2025-11-09 22:10:40,2498.77,2498.77,2498.19,2498.46,4
2025-11-09 22:11:40,2498.46,2498.48,2498.27,2498.48,4
2025-11-09 22:12:40,2498.48,2498.87,2498.45,2498.76,4
2025-11-09 22:13:40,2498.76,2499.2,2498.76,2499.0,4
2025-11-09 22:14:40,2499.0,2499.0,2498.31,2498.7,4
2025-11-09 22:15:40,2498.7,2498.83,2498.34,2498.83,4
2025-11-09 22:16:40,2498.83,2499.71,2498.83,2499.71,4
2025-11-09 22:17:40,2499.71,2499.84,2499.46,2499.46,4
2025-11-09 22:18:40,2499.46,2499.56,2499.19,2499.19,4
2025-11-09 22:19:40,2499.19,2500.08,2499.19,2499.77,4
2025-11-09 22:20:40,2499.77,2499.77,2499.23,2499.23,4
2025-11-09 22:21:40,2499.23,2499.23,2498.34,2498.7,4
2025-11-09 22:22:40,2498.7,2498.97,2498.64,2498.97,4
2025-11-09 22:23:40,2498.97,2499.14,2498.55,2499.14,4
2025-11-09 22:24:40,2499.14,2499.44,2499.03,2499.44,4
2025-11-09 22:25:40,2499.44,2499.92,2499.3,2499.3,4
2025-11-09 22:26:40,2499.3,2499.3,2498.36,2498.36,4
2025-11-09 22:27:40,2498.36,2498.83,2498.04,2498.04,4
2025-11-09 22:28:40,2498.04,2498.64,2498.04,2498.29,4
2025-11-09 22:29:40,2498.29,2498.5,2497.73,2497.73,4
2025-11-09 22:30:40,2497.73,2498.19,2497.73,2498.05,4
2025-11-09 22:31:40,2498.05,2498.05,2497.5,2498.0,4
2025-11-09 22:32:40,2498.0,2499.0,2498.0,2499.0,4
2025-11-09 22:33:40,2499.0,2499.0,2498.41,2498.41,4
2025-11-09 22:34:40,2498.41,2498.41,2497.48,2497.48,4
2025-11-09 22:35:40,2497.48,2498.13,2497.48,2498.13,4
2025-11-09 22:36:40,2498.13,2499.11,2498.13,2499.11,4
2025-11-09 22:37:40,2499.11,2499.37,2498.98,2499.37,4
2025-11-09 22:38:40,2499.37,2499.37,2498.77,2498.77,4
2025-11-09 22:39:40,2498.77,2499.05,2498.68,2498.82,4
2025-11-09 22:40:40,2498.82,2498.82,2498.65,2498.77,4
2025-11-09 22:41:40,2498.77,2499.06,2498.66,2498.66,4
2025-11-09 22:42:40,2498.66,2499.01,2498.61,2498.65,4
2025-11-09 22:43:40,2498.65,2498.84,2498.48,2498.84,4
2025-11-09 22:44:40,2498.84,2499.4,2498.78,2499.4,4
2025-11-09 22:45:40,2499.4,2499.4,2498.94,2498.94,4
2025-11-09 22:46:40,2498.94,2499.11,2498.52,2499.11,4
2025-11-09 22:47:40,2499.11,2499.74,2499.11,2499.46,4
2025-11-09 22:48:40,2499.46,2500.67,2499.46,2500.67,4
2025-11-09 22:49:40,2500.67,2501.13,2500.57,2500.57,4
2025-11-09 22:50:40,2500.57,2500.57,2500.16,2500.41,4
2025-11-09 22:51:40,2500.41,2500.77,2500.14,2500.14,4
2025-11-09 22:52:40,2500.14,2500.61,2500.14,2500.43,4
2025-11-09 22:53:40,2500.43,2501.0,2500.43,2501.0,4
2025-11-09 22:54:40,2501.0,2501.07,2500.65,2500.93,4
2025-11-09 22:55:40,2500.93,2501.36,2500.93,2501.36,4
2025-11-09 22:56:40,2501.36,2501.36,2500.95,2501.08,4
2025-11-09 22:57:40,2501.08,2501.21,2500.8,2501.2,4
2025-11-09 22:58:40,2501.2,2501.75,2501.2,2501.58,4
2025-11-09 22:59:40,2501.58,2501.58,2501.08,2501.19,4
2025-11-09 23:00:40,2501.19,2501.54,2501.17,2501.54,4
2025-11-09 23:01:40,2501.54,2502.01,2501.54,2501.87,4
2025-11-09 23:02:40,2501.87,2502.45,2501.87,2502.45,4
2025-11-09 23:03:40,2502.45,2502.45,2501.8,2501.8,4
2025-11-09 23:04:40,2501.8,2501.8,2501.2,2501.28,4
2025-11-09 23:05:40,2501.28,2501.28,2500.63,2500.63,4
2025-11-09 23:06:40,2500.63,2501.11,2500.63,2501.11,4
2025-11-09 23:07:40,2501.11,2501.11,2500.64,2500.83,4
2025-11-09 23:08:40,2500.83,2501.15,2500.83,2501.02,4
2025-11-09 23:09:40,2501.02,2501.02,2500.2,2500.2,4
2025-11-09 23:10:40,2500.2,2500.41,2499.65,2499.65,4
2025-11-09 23:11:40,2499.65,2500.42,2499.65,2500.42,4
2025-11-09 23:12:40,2500.42,2500.42,2499.94,2500.18,4
2025-11-09 23:13:40,2500.18,2500.18,2499.04,2499.04,4
2025-11-09 23:14:40,2499.04,2499.04,2498.39,2498.57,4
2025-11-09 23:15:40,2498.57,2498.97,2498.49,2498.57,4
2025-11-09 23:16:40,2498.57,2498.79,2498.38,2498.38,4
2025-11-09 23:17:40,2498.38,2498.86,2498.38,2498.45,4
2025-11-09 23:18:40,2498.45,2498.89,2498.45,2498.89,4
2025-11-09 23:19:40,2498.89,2498.96,2498.49,2498.49,4
2025-11-09 23:20:40,2498.49,2498.49,2498.07,2498.42,4
2025-11-09 23:21:40,2498.42,2498.42,2497.58,2497.65,4
2025-11-09 23:22:40,2497.65,2497.65,2497.17,2497.17,4
2025-11-09 23:23:40,2497.17,2497.19,2496.79,2497.19,4
2025-11-09 23:24:40,2497.19,2498.1,2497.19,2498.1,4
2025-11-09 23:25:40,2498.1,2498.73,2498.1,2498.73,4
2025-11-09 23:26:40,2498.73,2498.73,2498.61,2498.7,4
2025-11-09 23:27:40,2498.7,2498.99,2498.52,2498.79,4
2025-11-09 23:28:40,2498.79,2498.81,2498.44,2498.51,4
2025-11-09 23:29:40,2498.51,2498.51,2497.89,2497.9,4
2025-11-09 23:30:40,2497.9,2498.29,2497.38,2497.38,4
2025-11-09 23:31:40,2497.38,2497.65,2497.38,2497.42,4
2025-11-09 23:32:40,2497.42,2497.42,2496.94,2497.16,4
2025-11-09 23:33:40,2497.16,2497.16,2496.41,2496.41,4
2025-11-09 23:34:40,2496.41,2496.44,2495.98,2496.44,4
2025-11-09 23:35:40,2496.44,2496.87,2496.44,2496.84,4
2025-11-09 23:36:40,2496.84,2496.84,2495.99,2496.02,4
2025-11-09 23:37:40,2496.02,2496.42,2496.02,2496.37,4
2025-11-09 23:38:40,2496.37,2496.68,2496.22,2496.22,4
2025-11-09 23:39:40,2496.22,2496.22,2495.52,2495.52,4
2025-11-09 23:40:40,2495.52,2496.29,2495.52,2496.29,4
2025-11-09 23:41:40,2496.29,2496.79,2496.02,2496.02,4
2025-11-09 23:42:40,2496.02,2496.02,2495.53,2495.53,4
2025-11-09 23:43:40,2495.53,2495.53,2495.14,2495.14,4
2025-11-09 23:44:40,2495.14,2495.14,2494.45,2494.45,4
2025-11-09 23:45:40,2494.45,2495.04,2494.45,2495.04,4
2025-11-09 23:46:40,2495.04,2495.37,2495.04,2495.37,4
2025-11-09 23:47:40,2495.37,2495.37,2494.4,2494.4,4
2025-11-09 23:48:40,2494.4,2494.4,2493.95,2494.31,4
2025-11-09 23:49:40,2494.31,2494.31,2493.9,2493.9,4
2025-11-09 23:50:40,2493.9,2494.46,2493.9,2494.46,4
2025-11-09 23:51:40,2494.46,2494.81,2494.16,2494.81,4
2025-11-09 23:52:40,2494.81,2495.24,2494.81,2494.85,4
2025-11-09 23:53:40,2494.85,2495.88,2494.85,2495.88,4
2025-11-09 23:54:40,2495.88,2496.06,2495.33,2495.33,4
2025-11-09 23:55:40,2495.33,2495.78,2495.33,2495.77,4
2025-11-09 23:56:40,2495.77,2495.95,2495.46,2495.95,4
2025-11-09 23:57:40,2495.95,2497.18,2495.95,2497.18,4
2025-11-09 23:58:40,2497.18,2497.48,2497.08,2497.48,4
2025-11-09 23:59:40,2497.48,2498.18,2497.48,2498.18,4
2025-11-10 00:00:40,2498.18,2498.18,2497.25,2497.41,4
2025-11-10 00:01:40,2497.41,2497.72,2497.31,2497.72,4
2025-11-10 00:02:40,2497.72,2498.32,2497.71,2498.32,4
2025-11-10 00:03:40,2498.32,2498.45,2498.31,2498.4,4
2025-11-10 00:04:40,2498.4,2499.39,2498.4,2499.39,4
2025-11-10 00:05:40,2499.39,2499.41,2498.98,2499.25,4
2025-11-10 00:06:40,2499.25,2499.74,2499.25,2499.56,4
2025-11-10 00:07:40,2499.56,2499.56,2499.17,2499.25,4
2025-11-10 00:08:40,2499.25,2499.95,2499.15,2499.95,4
2025-11-10 00:09:40,2499.95,2500.13,2499.69,2500.13,4
2025-11-10 00:10:40,2500.13,2500.51,2500.13,2500.36,4
2025-11-10 00:11:40,2500.36,2500.36,2499.89,2500.05,4
2025-11-10 00:12:40,2500.05,2500.29,2500.05,2500.29,4
2025-11-10 00:13:40,2500.29,2500.34,2499.92,2500.34,4
2025-11-10 00:14:40,2500.34,2500.34,2499.91,2499.91,4
2025-11-10 00:15:40,2499.91,2500.28,2499.78,2500.28,4
2025-11-10 00:16:40,2500.28,2500.28,2499.36,2499.36,4
2025-11-10 00:17:40,2499.36,2499.41,2499.08,2499.08,4
2025-11-10 00:18:40,2499.08,2499.67,2499.08,2499.42,4
2025-11-10 00:19:40,2499.42,2499.74,2499.29,2499.29,4
2025-11-10 00:20:40,2499.29,2500.01,2499.29,2500.01,4
2025-11-10 00:21:40,2500.01,2500.67,2500.01,2500.18,4
2025-11-10 00:22:40,2500.18,2500.32,2500.02,2500.27,4
2025-11-10 00:23:40,2500.27,2500.77,2500.0,2500.77,4
2025-11-10 00:24:40,2500.77,2500.77,2500.31,2500.31,4
2025-11-10 00:25:40,2500.31,2500.41,2500.02,2500.2,4
2025-11-10 00:26:40,2500.2,2500.2,2499.43,2499.43,4
2025-11-10 00:27:40,2499.43,2500.07,2499.43,2499.65,4
2025-11-10 00:28:40,2499.65,2499.72,2499.46,2499.46,4
2025-11-10 00:29:40,2499.46,2499.97,2499.3,2499.97,4
2025-11-10 00:30:40,2499.97,2500.35,2499.97,2500.35,4
2025-11-10 00:31:40,2500.35,2500.7,2500.08,2500.7,4
2025-11-10 00:32:40,2500.7,2501.03,2500.7,2501.01,4
2025-11-10 00:33:40,2501.01,2501.01,2500.48,2500.62,4
2025-11-10 00:34:40,2500.62,2500.87,2500.47,2500.47,4
2025-11-10 00:35:40,2500.47,2500.47,2499.8,2499.8,4
2025-11-10 00:36:40,2499.8,2500.19,2499.8,2500.19,4
2025-11-10 00:37:40,2500.19,2500.19,2499.62,2499.62,4
2025-11-10 00:38:40,2499.62,2499.86,2499.53,2499.86,4
2025-11-10 00:39:40,2499.86,2499.95,2499.56,2499.95,4
2025-11-10 00:40:40,2499.95,2499.98,2499.67,2499.67,4
2025-11-10 00:41:40,2499.67,2499.67,2499.2,2499.22,4
2025-11-10 00:42:40,2499.22,2499.52,2498.77,2499.52,4
2025-11-10 00:43:40,2499.52,2499.67,2499.32,2499.67,4
2025-11-10 00:44:40,2499.67,2500.16,2499.67,2500.16,4
2025-11-10 00:45:40,2500.16,2500.16,2499.69,2500.06,4
2025-11-10 00:46:40,2500.06,2500.3,2500.06,2500.3,4
2025-11-10 00:47:40,2500.3,2500.69,2500.3,2500.45,4
2025-11-10 00:48:40,2500.45,2500.49,2500.02,2500.02,4
2025-11-10 00:49:40,2500.02,2500.2,2499.72,2500.04,4
2025-11-10 00:50:40,2500.04,2500.11,2499.6,2500.11,4
2025-11-10 00:51:40,2500.11,2500.47,2499.88,2500.47,4
2025-11-10 00:52:40,2500.47,2500.47,2500.0,2500.42,4
2025-11-10 00:53:40,2500.42,2500.79,2500.37,2500.79,4
2025-11-10 00:54:40,2500.79,2500.94,2500.79,2500.94,4
2025-11-10 00:55:40,2500.94,2501.19,2500.64,2501.19,4
2025-11-10 00:56:40,2501.19,2501.19,2500.81,2501.1,4
2025-11-10 00:57:40,2501.1,2501.1,2500.23,2500.23,4
2025-11-10 00:58:40,2500.23,2500.87,2500.23,2500.87,4
2025-11-10 00:59:40,2500.87,2501.27,2500.82,2501.27,4
2025-11-10 01:00:40,2501.27,2501.27,2500.5,2500.5,4
2025-11-10 01:01:40,2500.5,2500.8,2500.5,2500.68,4
2025-11-10 01:02:40,2500.68,2500.68,2499.7,2499.7,4
2025-11-10 01:03:40,2499.7,2500.17,2499.7,2499.98,4
2025-11-10 01:04:40,2499.98,2500.47,2499.98,2500.09,4
2025-11-10 01:05:40,2500.09,2500.09,2498.84,2498.84,4
2025-11-10 01:06:40,2498.84,2499.04,2498.23,2498.23,4
2025-11-10 01:07:40,2498.23,2498.23,2497.97,2497.97,4
2025-11-10 01:08:40,2497.97,2497.97,2497.43,2497.5,4
2025-11-10 01:09:40,2497.5,2497.5,2496.86,2496.86,4
2025-11-10 01:10:40,2496.86,2497.01,2496.86,2497.01,4
2025-11-10 01:11:40,2497.01,2497.01,2496.61,2496.61,4
2025-11-10 01:12:40,2496.61,2497.01,2496.53,2497.01,4
2025-11-10 01:13:40,2497.01,2497.01,2496.43,2496.43,4
2025-11-10 01:14:40,2496.43,2496.47,2496.07,2496.14,4
2025-11-10 01:15:40,2496.14,2496.14,2495.71,2495.85,4
2025-11-10 01:16:40,2495.85,2495.85,2495.37,2495.8,4
2025-11-10 01:17:40,2495.8,2496.28,2495.8,2495.8,4
2025-11-10 01:18:40,2495.8,2496.3,2495.8,2495.91,4
2025-11-10 01:19:40,2495.91,2496.2,2495.91,2496.2,4
2025-11-10 01:20:40,2496.2,2496.65,2496.2,2496.6,4
2025-11-10 01:21:40,2496.6,2496.64,2496.15,2496.44,4
2025-11-10 01:22:40,2496.44,2496.69,2496.41,2496.59,4
2025-11-10 01:23:40,2496.59,2496.59,2495.52,2495.52,4
2025-11-10 01:24:40,2495.52,2495.84,2495.4,2495.84,4
2025-11-10 01:25:40,2495.84,2495.84,2495.41,2495.65,4
2025-11-10 01:26:40,2495.65,2495.97,2495.23,2495.23,4
2025-11-10 01:27:40,2495.23,2496.04,2495.23,2496.04,4
2025-11-10 01:28:40,2496.04,2496.32,2496.04,2496.32,4
2025-11-10 01:29:40,2496.32,2496.37,2495.9,2496.37,4
2025-11-10 01:30:40,2496.37,2497.39,2496.37,2497.39,4
2025-11-10 01:31:40,2497.39,2497.39,2496.93,2497.1,4
2025-11-10 01:32:40,2497.1,2497.26,2496.88,2496.88,4
2025-11-10 01:33:40,2496.88,2496.88,2496.44,2496.61,4
2025-11-10 01:34:40,2496.61,2497.25,2496.61,2497.25,4
2025-11-10 01:35:40,2497.25,2497.69,2497.23,2497.23,4
2025-11-10 01:36:40,2497.23,2497.37,2496.77,2497.37,4
2025-11-10 01:37:40,2497.37,2497.76,2497.37,2497.57,4
2025-11-10 01:38:40,2497.57,2498.34,2497.53,2498.34,4
2025-11-10 01:39:40,2498.34,2498.34,2497.94,2497.94,4
2025-11-10 01:40:40,2497.94,2498.18,2497.88,2497.88,4
2025-11-10 01:41:40,2497.88,2498.01,2497.65,2497.67,4
2025-11-10 01:42:40,2497.67,2498.28,2497.67,2498.28,4
2025-11-10 01:43:40,2498.28,2498.28,2497.68,2497.68,4
2025-11-10 01:44:40,2497.68,2498.93,2497.68,2498.93,4
2025-11-10 01:45:40,2498.93,2499.1,2498.72,2498.83,4
2025-11-10 01:46:40,2498.83,2498.83,2498.38,2498.76,4
2025-11-10 01:47:40,2498.76,2499.39,2498.48,2499.39,4
2025-11-10 01:48:40,2499.39,2499.51,2499.11,2499.28,4
2025-11-10 01:49:40,2499.28,2499.48,2498.96,2499.48,4
2025-11-10 01:50:40,2499.48,2499.48,2498.94,2498.94,4
2025-11-10 01:51:40,2498.94,2499.76,2498.94,2499.42,4
2025-11-10 01:52:40,2499.42,2499.42,2498.53,2498.53,4
2025-11-10 01:53:40,2498.53,2498.57,2498.16,2498.16,4
2025-11-10 01:54:40,2498.16,2498.24,2498.1,2498.1,4
2025-11-10 01:55:40,2498.1,2498.1,2497.45,2497.55,4
2025-11-10 01:56:40,2497.55,2497.64,2497.05,2497.05,4
2025-11-10 01:57:40,2497.05,2497.15,2496.9,2497.15,4
2025-11-10 01:58:40,2497.15,2497.75,2497.15,2497.75,4
2025-11-10 01:59:40,2497.75,2498.02,2497.63,2497.63,4
2025-11-10 02:00:40,2497.63,2498.02,2497.63,2498.02,4
2025-11-10 02:01:40,2498.02,2498.02,2497.42,2497.42,4
2025-11-10 02:02:40,2497.42,2497.91,2497.42,2497.62,4
2025-11-10 02:03:40,2497.62,2497.86,2497.26,2497.86,4
2025-11-10 02:04:40,2497.86,2497.86,2497.49,2497.54,4
2025-11-10 02:05:40,2497.54,2497.9,2497.54,2497.75,4
2025-11-10 02:06:40,2497.75,2497.8,2497.63,2497.78,4
2025-11-10 02:07:40,2497.78,2497.78,2497.33,2497.63,4
2025-11-10 02:08:40,2497.63,2497.63,2496.78,2497.19,4
2025-11-10 02:09:40,2497.19,2497.51,2497.07,2497.07,4
2025-11-10 02:10:40,2497.07,2497.29,2496.89,2497.29,4
2025-11-10 02:11:40,2497.29,2497.57,2496.86,2496.86,4
2025-11-10 02:12:40,2496.86,2497.13,2496.78,2497.13,4
2025-11-10 02:13:40,2497.13,2497.13,2496.7,2497.04,4
2025-11-10 02:14:40,2497.04,2497.25,2496.6,2496.6,4
2025-11-10 02:15:40,2496.6,2496.6,2496.22,2496.24,4
2025-11-10 02:16:40,2496.24,2496.55,2496.18,2496.55,4
2025-11-10 02:17:40,2496.55,2496.55,2496.12,2496.45,4
2025-11-10 02:18:40,2496.45,2496.45,2495.73,2495.73,4
2025-11-10 02:19:40,2495.73,2495.96,2495.73,2495.84,4
2025-11-10 02:20:40,2495.84,2495.84,2495.25,2495.25,4
2025-11-10 02:21:40,2495.25,2495.56,2495.12,2495.12,4
2025-11-10 02:22:40,2495.12,2495.43,2494.85,2495.43,4
2025-11-10 02:23:40,2495.43,2495.8,2495.38,2495.38,4
2025-11-10 02:24:40,2495.38,2495.38,2495.04,2495.21,4
2025-11-10 02:25:40,2495.21,2495.21,2494.59,2494.59,4
2025-11-10 02:26:40,2494.59,2494.71,2494.28,2494.71,4
2025-11-10 02:27:40,2494.71,2495.7,2494.71,2495.7,4
2025-11-10 02:28:40,2495.7,2496.47,2495.7,2496.47,4
2025-11-10 02:29:40,2496.47,2496.81,2496.43,2496.81,4
2025-11-10 02:30:40,2496.81,2497.07,2496.67,2497.05,4
2025-11-10 02:31:40,2497.05,2497.29,2497.01,2497.29,4
2025-11-10 02:32:40,2497.29,2497.69,2497.28,2497.69,4
2025-11-10 02:33:40,2497.69,2498.1,2497.69,2498.1,4
2025-11-10 02:34:40,2498.1,2498.13,2497.64,2498.01,4
2025-11-10 02:35:40,2498.01,2498.38,2498.01,2498.25,4
2025-11-10 02:36:40,2498.25,2498.71,2498.16,2498.16,4
2025-11-10 02:37:40,2498.16,2498.18,2497.77,2497.77,4
2025-11-10 02:38:40,2497.77,2497.77,2497.53,2497.75,4
2025-11-10 02:39:40,2497.75,2498.17,2497.7,2498.17,4
2025-11-10 02:40:40,2498.17,2498.98,2498.17,2498.98,4
2025-11-10 02:41:40,2498.98,2499.52,2498.92,2499.52,4
2025-11-10 02:42:40,2499.52,2499.81,2499.46,2499.81,4
2025-11-10 02:43:40,2499.81,2500.35,2499.81,2500.35,4
2025-11-10 02:44:40,2500.35,2500.92,2500.35,2500.92,4
2025-11-10 02:45:40,2500.92,2501.33,2500.92,2501.2,4
2025-11-10 02:46:40,2501.2,2501.2,2500.49,2500.49,4
2025-11-10 02:47:40,2500.49,2500.85,2500.34,2500.85,4
2025-11-10 02:48:40,2500.85,2500.85,2500.44,2500.83,4
2025-11-10 02:49:40,2500.83,2500.83,2500.56,2500.77,4
2025-11-10 02:50:40,2500.77,2501.21,2500.77,2501.21,4
2025-11-10 02:51:40,2501.21,2501.21,2500.81,2501.05,4
2025-11-10 02:52:40,2501.05,2501.05,2500.24,2500.24,4
2025-11-10 02:53:40,2500.24,2500.37,2500.11,2500.37,4
2025-11-10 02:54:40,2500.37,2500.46,2500.01,2500.01,4
2025-11-10 02:55:40,2500.01,2500.28,2499.53,2500.28,4
2025-11-10 02:56:40,2500.28,2500.77,2500.28,2500.7,4
2025-11-10 02:57:40,2500.7,2500.85,2500.46,2500.46,4
2025-11-10 02:58:40,2500.46,2500.99,2500.46,2500.99,4
2025-11-10 02:59:40,2500.99,2501.18,2500.29,2500.29,4
2025-11-10 03:00:40,2500.29,2501.11,2500.29,2501.11,4
2025-11-10 03:01:40,2501.11,2501.52,2500.7,2501.52,4
2025-11-10 03:02:40,2501.52,2501.52,2500.9,2501.39,4
2025-11-10 03:03:40,2501.39,2501.81,2501.15,2501.15,4
2025-11-10 03:04:40,2501.15,2501.15,2500.42,2500.42,4
2025-11-10 03:05:40,2500.42,2500.42,2499.97,2499.97,4
2025-11-10 03:06:40,2499.97,2499.98,2499.46,2499.46,4
2025-11-10 03:07:40,2499.46,2499.46,2499.04,2499.35,4
2025-11-10 03:08:40,2499.35,2499.35,2498.78,2498.78,4
2025-11-10 03:09:40,2498.78,2499.21,2498.78,2498.82,4
2025-11-10 03:10:40,2498.82,2498.82,2498.48,2498.56,4
2025-11-10 03:11:40,2498.56,2498.91,2498.56,2498.91,4
2025-11-10 03:12:40,2498.91,2499.07,2498.57,2498.99,4
2025-11-10 03:13:40,2498.99,2498.99,2498.26,2498.26,4
2025-11-10 03:14:40,2498.26,2499.11,2498.26,2499.11,4
2025-11-10 03:15:40,2499.11,2499.16,2498.78,2499.16,4
2025-11-10 03:16:40,2499.16,2499.78,2499.16,2499.78,4
2025-11-10 03:17:40,2499.78,2500.1,2499.69,2499.69,4
2025-11-10 03:18:40,2499.69,2500.39,2499.68,2500.39,4
2025-11-10 03:19:40,2500.39,2500.39,2499.97,2499.97,4
2025-11-10 03:20:40,2499.97,2500.63,2499.97,2500.63,4
2025-11-10 03:21:40,2500.63,2500.68,2500.4,2500.59,4
2025-11-10 03:22:40,2500.59,2500.86,2500.5,2500.86,4
2025-11-10 03:23:40,2500.86,2500.97,2500.71,2500.97,4
2025-11-10 03:24:40,2500.97,2500.97,2500.59,2500.9,4
2025-11-10 03:25:40,2500.9,2501.34,2500.9,2501.2,4
2025-11-10 03:26:40,2501.2,2501.2,2500.23,2500.23,4
2025-11-10 03:27:40,2500.23,2501.04,2500.23,2501.0,4
2025-11-10 03:28:40,2501.0,2501.69,2501.0,2501.56,4
2025-11-10 03:29:40,2501.56,2501.56,2501.14,2501.5,4
2025-11-10 03:30:40,2501.5,2501.63,2501.27,2501.63,4
2025-11-10 03:31:40,2501.63,2501.79,2501.26,2501.26,4
2025-11-10 03:32:40,2501.26,2501.26,2501.05,2501.19,4
2025-11-10 03:33:40,2501.19,2501.58,2501.19,2501.58,4
2025-11-10 03:34:40,2501.58,2501.58,2501.34,2501.4,4
2025-11-10 03:35:40,2501.4,2501.75,2500.98,2501.75,4
2025-11-10 03:36:40,2501.75,2502.67,2501.75,2502.67,4
2025-11-10 03:37:40,2502.67,2502.67,2502.25,2502.31,4
2025-11-10 03:38:40,2502.31,2502.91,2502.31,2502.91,4
2025-11-10 03:39:40,2502.91,2503.44,2502.91,2503.44,4
2025-11-10 03:40:40,2503.44,2504.25,2503.44,2504.25,4
2025-11-10 03:41:40,2504.25,2504.83,2504.25,2504.61,4
2025-11-10 03:42:40,2504.61,2505.51,2504.61,2505.47,4
2025-11-10 03:43:40,2505.47,2506.01,2505.47,2505.79,4
2025-11-10 03:44:40,2505.79,2506.49,2505.79,2506.14,4
2025-11-10 03:45:40,2506.14,2506.31,2505.67,2506.31,4
2025-11-10 03:46:40,2506.31,2506.69,2506.19,2506.69,4
2025-11-10 03:47:40,2506.69,2506.69,2506.25,2506.63,4
2025-11-10 03:48:40,2506.63,2506.63,2505.86,2505.86,4
2025-11-10 03:49:40,2505.86,2505.86,2505.2,2505.6,4
2025-11-10 03:50:40,2505.6,2506.6,2505.6,2506.6,4
2025-11-10 03:51:40,2506.6,2507.06,2506.6,2506.86,4
2025-11-10 03:52:40,2506.86,2507.67,2506.86,2507.67,4
2025-11-10 03:53:40,2507.67,2508.05,2507.67,2508.05,4
2025-11-10 03:54:40,2508.05,2508.56,2508.05,2508.56,4
2025-11-10 03:55:40,2508.56,2508.56,2508.01,2508.01,4
2025-11-10 03:56:40,2508.01,2508.26,2507.68,2508.26,4
2025-11-10 03:57:40,2508.26,2508.6,2508.02,2508.6,4
2025-11-10 03:58:40,2508.6,2509.43,2508.6,2509.31,4
2025-11-10 03:59:40,2509.31,2509.89,2509.31,2509.89,4
2025-11-10 04:00:40,2509.89,2510.44,2509.89,2510.44,4
2025-11-10 04:01:40,2510.44,2510.84,2510.31,2510.84,4
2025-11-10 04:02:40,2510.84,2511.67,2510.84,2511.67,4
2025-11-10 04:03:40,2511.67,2511.67,2511.26,2511.55,4
2025-11-10 04:04:40,2511.55,2511.55,2511.03,2511.53,4
2025-11-10 04:05:40,2511.53,2511.85,2511.16,2511.85,4
2025-11-10 04:06:40,2511.85,2512.55,2511.85,2512.55,4
2025-11-10 04:07:40,2512.55,2512.55,2512.05,2512.5,4
2025-11-10 04:08:40,2512.5,2512.5,2511.27,2511.27,4
2025-11-10 04:09:40,2511.27,2511.45,2510.84,2511.45,4
2025-11-10 04:10:40,2511.45,2511.68,2511.3,2511.3,4
2025-11-10 04:11:40,2511.3,2511.42,2510.93,2510.93,4
2025-11-10 04:12:40,2510.93,2511.43,2510.93,2510.96,4
2025-11-10 04:13:40,2510.96,2510.96,2509.91,2509.91,4
2025-11-10 04:14:40,2509.91,2510.94,2509.91,2510.94,4
2025-11-10 04:15:40,2510.94,2511.15,2510.94,2511.13,4
2025-11-10 04:16:40,2511.13,2511.14,2510.82,2511.13,4
2025-11-10 04:17:40,2511.13,2511.33,2510.77,2511.33,4
2025-11-10 04:18:40,2511.33,2512.02,2511.33,2512.02,4
2025-11-10 04:19:40,2512.02,2512.52,2512.02,2512.35,4
2025-11-10 04:20:40,2512.35,2513.13,2512.35,2512.89,4
2025-11-10 04:21:40,2512.89,2512.89,2512.01,2512.01,4
2025-11-10 04:22:40,2512.01,2512.01,2511.08,2511.08,4
2025-11-10 04:23:40,2511.08,2511.08,2510.67,2510.7,4
2025-11-10 04:24:40,2510.7,2510.7,2510.09,2510.3,4
2025-11-10 04:25:40,2510.3,2510.63,2510.3,2510.38,4
2025-11-10 04:26:40,2510.38,2510.56,2510.3,2510.56,4
2025-11-10 04:27:40,2510.56,2510.56,2509.7,2509.7,4
2025-11-10 04:28:40,2509.7,2509.7,2509.0,2509.04,4
2025-11-10 04:29:40,2509.04,2509.16,2508.66,2509.16,4
2025-11-10 04:30:40,2509.16,2509.16,2508.47,2508.47,4
2025-11-10 04:31:40,2508.47,2508.71,2507.99,2507.99,4
2025-11-10 04:32:40,2507.99,2507.99,2507.48,2507.48,4
2025-11-10 04:33:40,2507.48,2508.0,2507.48,2508.0,4
2025-11-10 04:34:40,2508.0,2508.49,2507.97,2507.97,4
2025-11-10 04:35:40,2507.97,2507.97,2507.28,2507.58,4
2025-11-10 04:36:40,2507.58,2507.66,2507.3,2507.3,4
2025-11-10 04:37:40,2507.3,2508.52,2507.3,2508.52,4
2025-11-10 04:38:40,2508.52,2508.53,2508.16,2508.53,4
2025-11-10 04:39:40,2508.53,2508.53,2507.27,2507.27,4
2025-11-10 04:40:40,2507.27,2507.67,2507.27,2507.65,4
2025-11-10 04:41:40,2507.65,2507.75,2507.37,2507.37,4
2025-11-10 04:42:40,2507.37,2507.58,2507.08,2507.58,4
2025-11-10 04:43:40,2507.58,2507.58,2506.68,2506.68,4
2025-11-10 04:44:40,2506.68,2507.34,2506.68,2507.31,4
2025-11-10 04:45:40,2507.31,2507.4,2507.11,2507.39,4
2025-11-10 04:46:40,2507.39,2507.6,2506.91,2506.91,4
2025-11-10 04:47:40,2506.91,2507.66,2506.91,2507.66,4
2025-11-10 04:48:40,2507.66,2507.86,2507.39,2507.39,4
2025-11-10 04:49:40,2507.39,2507.39,2506.76,2506.76,4
2025-11-10 04:50:40,2506.76,2506.94,2506.76,2506.94,4
2025-11-10 04:51:40,2506.94,2506.94,2506.38,2506.55,4
2025-11-10 04:52:40,2506.55,2506.88,2506.35,2506.88,4
2025-11-10 04:53:40,2506.88,2506.88,2506.3,2506.3,4
2025-11-10 04:54:40,2506.3,2506.54,2506.19,2506.19,4
2025-11-10 04:55:40,2506.19,2506.73,2506.19,2506.73,4
2025-11-10 04:56:40,2506.73,2506.73,2506.15,2506.17,4
2025-11-10 04:57:40,2506.17,2506.24,2505.6,2505.6,4
2025-11-10 04:58:40,2505.6,2505.6,2505.12,2505.41,4
2025-11-10 04:59:40,2505.41,2505.75,2505.08,2505.08,4
2025-11-10 05:00:40,2505.08,2505.08,2504.63,2504.77,4
2025-11-10 05:01:40,2504.77,2504.77,2504.01,2504.01,4
2025-11-10 05:02:40,2504.01,2504.41,2504.01,2504.14,4
2025-11-10 05:03:40,2504.14,2504.63,2503.91,2503.91,4
2025-11-10 05:04:40,2503.91,2503.91,2502.91,2502.91,4
2025-11-10 05:05:40,2502.91,2503.63,2502.91,2503.6,4
2025-11-10 05:06:40,2503.6,2504.05,2503.57,2503.71,4
2025-11-10 05:07:40,2503.71,2504.16,2503.71,2503.76,4
2025-11-10 05:08:40,2503.76,2503.76,2503.16,2503.46,4
2025-11-10 05:09:40,2503.46,2503.46,2502.76,2502.76,4
2025-11-10 05:10:40,2502.76,2502.76,2502.11,2502.11,4
2025-11-10 05:11:40,2502.11,2502.49,2502.11,2502.49,4
2025-11-10 05:12:40,2502.49,2503.13,2502.49,2503.13,4
2025-11-10 05:13:40,2503.13,2503.99,2503.13,2503.99,4
2025-11-10 05:14:40,2503.99,2504.49,2503.99,2504.49,4
2025-11-10 05:15:40,2504.49,2504.97,2504.49,2504.81,4
2025-11-10 05:16:40,2504.81,2505.99,2504.81,2505.99,4
2025-11-10 05:17:40,2505.99,2506.51,2505.99,2506.1,4
2025-11-10 05:18:40,2506.1,2506.1,2505.28,2505.28,4
2025-11-10 05:19:40,2505.28,2505.54,2504.99,2504.99,4
2025-11-10 05:20:40,2504.99,2505.48,2504.99,2505.48,4
2025-11-10 05:21:40,2505.48,2506.04,2505.48,2506.04,4
2025-11-10 05:22:40,2506.04,2506.11,2505.92,2505.97,4
2025-11-10 05:23:40,2505.97,2506.09,2505.73,2505.76,4
2025-11-10 05:24:40,2505.76,2505.76,2504.47,2504.47,4
2025-11-10 05:25:40,2504.47,2504.47,2504.31,2504.31,4
2025-11-10 05:26:40,2504.31,2504.88,2504.31,2504.88,4
2025-11-10 05:27:40,2504.88,2504.88,2504.04,2504.32,4
2025-11-10 05:28:40,2504.32,2504.4,2504.06,2504.4,4
2025-11-10 05:29:40,2504.4,2504.57,2504.28,2504.28,4
2025-11-10 05:30:40,2504.28,2504.54,2503.92,2504.54,4
2025-11-10 05:31:40,2504.54,2504.54,2504.05,2504.05,4
2025-11-10 05:32:40,2504.05,2504.27,2504.05,2504.24,4
2025-11-10 05:33:40,2504.24,2504.24,2503.92,2504.14,4
2025-11-10 05:34:40,2504.14,2504.14,2503.46,2503.46,4
2025-11-10 05:35:40,2503.46,2503.46,2502.8,2502.95,4
2025-11-10 05:36:40,2502.95,2502.96,2502.73,2502.92,4
2025-11-10 05:37:40,2502.92,2503.34,2502.92,2503.34,4
2025-11-10 05:38:40,2503.34,2503.52,2503.18,2503.47,4
2025-11-10 05:39:40,2503.47,2503.48,2502.77,2502.77,4
2025-11-10 05:40:40,2502.77,2502.87,2502.47,2502.86,4
2025-11-10 05:41:40,2502.86,2503.18,2502.7,2502.95,4
2025-11-10 05:42:40,2502.95,2502.95,2502.35,2502.35,4
2025-11-10 05:43:40,2502.35,2502.74,2502.22,2502.22,4
2025-11-10 05:44:40,2502.22,2502.65,2502.22,2502.65,4
2025-11-10 05:45:40,2502.65,2503.07,2502.65,2502.89,4
2025-11-10 05:46:40,2502.89,2502.89,2502.01,2502.01,4
2025-11-10 05:47:40,2502.01,2502.01,2501.47,2501.47,4
2025-11-10 05:48:40,2501.47,2501.86,2501.47,2501.85,4
2025-11-10 05:49:40,2501.85,2501.85,2501.25,2501.67,4
2025-11-10 05:50:40,2501.67,2502.39,2501.67,2502.13,4
2025-11-10 05:51:40,2502.13,2502.13,2501.81,2502.06,4
2025-11-10 05:52:40,2502.06,2502.06,2501.45,2501.45,4
2025-11-10 05:53:40,2501.45,2502.16,2501.45,2501.67,4
2025-11-10 05:54:40,2501.67,2501.7,2501.5,2501.5,4
2025-11-10 05:55:40,2501.5,2501.5,2500.77,2500.77,4
2025-11-10 05:56:40,2500.77,2501.36,2500.77,2501.36,4
2025-11-10 05:57:40,2501.36,2501.6,2501.16,2501.27,4
2025-11-10 05:58:40,2501.27,2501.47,2501.0,2501.1,4
2025-11-10 05:59:40,2501.1,2501.41,2500.7,2500.7,4
2025-11-10 06:00:40,2500.7,2501.54,2500.7,2501.26,4
2025-11-10 06:01:40,2501.26,2501.26,2500.91,2501.2,4
2025-11-10 06:02:40,2501.2,2501.2,2500.39,2500.39,4
2025-11-10 06:03:40,2500.39,2500.94,2500.39,2500.94,4
2025-11-10 06:04:40,2500.94,2500.94,2500.43,2500.82,4
2025-11-10 06:05:40,2500.82,2501.29,2500.82,2501.1,4
2025-11-10 06:06:40,2501.1,2501.1,2500.41,2500.41,4
2025-11-10 06:07:40,2500.41,2500.88,2500.41,2500.88,4
2025-11-10 06:08:40,2500.88,2501.23,2500.85,2501.23,4
2025-11-10 06:09:40,2501.23,2501.23,2500.54,2500.54,4
2025-11-10 06:10:40,2500.54,2500.82,2500.44,2500.49,4
2025-11-10 06:11:40,2500.49,2501.45,2500.49,2501.45,4
2025-11-10 06:12:40,2501.45,2501.66,2501.16,2501.16,4
2025-11-10 06:13:40,2501.16,2501.93,2501.16,2501.93,4
2025-11-10 06:14:40,2501.93,2502.19,2501.91,2501.91,4
2025-11-10 06:15:40,2501.91,2502.33,2501.84,2502.04,4
2025-11-10 06:16:40,2502.04,2502.04,2501.56,2501.7,4
2025-11-10 06:17:40,2501.7,2502.1,2501.58,2501.58,4
2025-11-10 06:18:40,2501.58,2501.58,2501.31,2501.31,4
2025-11-10 06:19:40,2501.31,2501.94,2501.31,2501.49,4
2025-11-10 06:20:40,2501.49,2502.42,2501.49,2502.42,4
2025-11-10 06:21:40,2502.42,2502.65,2502.37,2502.65,4
2025-11-10 06:22:40,2502.65,2502.96,2502.37,2502.37,4
2025-11-10 06:23:40,2502.37,2502.37,2501.92,2502.22,4
2025-11-10 06:24:40,2502.22,2502.39,2502.0,2502.0,4
2025-11-10 06:25:40,2502.0,2502.08,2501.61,2501.61,4
2025-11-10 06:26:40,2501.61,2502.34,2501.61,2502.34,4
2025-11-10 06:27:40,2502.34,2502.59,2501.86,2501.86,4
2025-11-10 06:28:40,2501.86,2501.86,2501.39,2501.49,4
2025-11-10 06:29:40,2501.49,2501.92,2501.38,2501.38,4
2025-11-10 06:30:40,2501.38,2501.47,2500.74,2500.74,4
2025-11-10 06:31:40,2500.74,2500.9,2500.42,2500.42,4
2025-11-10 06:32:40,2500.42,2500.5,2500.03,2500.5,4
2025-11-10 06:33:40,2500.5,2500.97,2500.3,2500.97,4
2025-11-10 06:34:40,2500.97,2500.97,2499.84,2499.84,4
2025-11-10 06:35:40,2499.84,2499.88,2499.7,2499.88,4
2025-11-10 06:36:40,2499.88,2500.4,2499.88,2500.07,4
2025-11-10 06:37:40,2500.07,2500.78,2500.07,2500.75,4
2025-11-10 06:38:40,2500.75,2501.13,2500.75,2500.96,4
2025-11-10 06:39:40,2500.96,2501.15,2500.68,2501.0,4
2025-11-10 06:40:40,2501.0,2501.0,2500.47,2500.47,4
2025-11-10 06:41:40,2500.47,2500.93,2500.22,2500.93,4
2025-11-10 06:42:40,2500.93,2501.35,2500.93,2501.35,4
2025-11-10 06:43:40,2501.35,2501.35,2500.98,2500.98,4
2025-11-10 06:44:40,2500.98,2501.33,2500.98,2501.22,4
2025-11-10 06:45:40,2501.22,2501.56,2501.13,2501.13,4
2025-11-10 06:46:40,2501.13,2501.13,2500.67,2500.67,4
2025-11-10 06:47:40,2500.67,2500.77,2500.39,2500.39,4
2025-11-10 06:48:40,2500.39,2500.64,2500.32,2500.35,4
2025-11-10 06:49:40,2500.35,2500.35,2499.58,2499.58,4
2025-11-10 06:50:40,2499.58,2499.58,2498.58,2498.58,4
2025-11-10 06:51:40,2498.58,2498.94,2498.58,2498.84,4
2025-11-10 06:52:40,2498.84,2499.55,2498.84,2499.55,4
2025-11-10 06:53:40,2499.55,2499.55,2499.29,2499.29,4
2025-11-10 06:54:40,2499.29,2499.29,2498.87,2499.17,4
2025-11-10 06:55:40,2499.17,2499.43,2499.17,2499.3,4
2025-11-10 06:56:40,2499.3,2499.64,2499.3,2499.47,4
2025-11-10 06:57:40,2499.47,2500.22,2499.47,2500.22,4
2025-11-10 06:58:40,2500.22,2500.22,2499.86,2499.86,4
2025-11-10 06:59:40,2499.86,2500.36,2499.86,2500.0,4
2025-11-10 07:00:40,2500.0,2500.08,2499.61,2500.08,4
2025-11-10 07:01:40,2500.08,2500.32,2499.9,2499.9,4
2025-11-10 07:02:40,2499.9,2499.99,2499.49,2499.49,4
2025-11-10 07:03:40,2499.49,2499.49,2499.01,2499.49,4
2025-11-10 07:04:40,2499.49,2499.49,2498.49,2498.49,4
2025-11-10 07:05:40,2498.49,2499.21,2498.49,2499.21,4
2025-11-10 07:06:40,2499.21,2499.79,2499.16,2499.79,4
2025-11-10 07:07:40,2499.79,2499.79,2499.38,2499.38,4
2025-11-10 07:08:40,2499.38,2499.93,2499.38,2499.69,4
2025-11-10 07:09:40,2499.69,2499.69,2499.05,2499.05,4
2025-11-10 07:10:40,2499.05,2499.92,2499.05,2499.77,4
2025-11-10 07:11:40,2499.77,2500.88,2499.77,2500.88,4
2025-11-10 07:12:40,2500.88,2501.04,2500.74,2500.74,4
2025-11-10 07:13:40,2500.74,2501.49,2500.74,2501.09,4
2025-11-10 07:14:40,2501.09,2501.09,2500.12,2500.12,4
2025-11-10 07:15:40,2500.12,2500.12,2499.7,2499.7,4
2025-11-10 07:16:40,2499.7,2500.09,2499.43,2499.43,4
2025-11-10 07:17:40,2499.43,2499.43,2498.93,2499.39,4
2025-11-10 07:18:40,2499.39,2499.39,2498.65,2498.65,4
2025-11-10 07:19:40,2498.65,2498.65,2497.97,2497.97,4
2025-11-10 07:20:40,2497.97,2498.29,2497.97,2498.29,4
2025-11-10 07:21:40,2498.29,2498.46,2498.0,2498.0,4
2025-11-10 07:22:40,2498.0,2498.1,2497.73,2497.73,4
2025-11-10 07:23:40,2497.73,2498.32,2497.73,2498.0,4
2025-11-10 07:24:40,2498.0,2498.0,2497.58,2497.58,4
2025-11-10 07:25:40,2497.58,2497.58,2497.14,2497.16,4
2025-11-10 07:26:40,2497.16,2497.57,2497.11,2497.57,4
2025-11-10 07:27:40,2497.57,2498.33,2497.57,2498.33,4
2025-11-10 07:28:40,2498.33,2498.33,2497.74,2498.08,4
2025-11-10 07:29:40,2498.08,2498.08,2497.73,2497.99,4
2025-11-10 07:30:40,2497.99,2498.57,2497.99,2498.11,4
2025-11-10 07:31:40,2498.11,2498.29,2498.02,2498.1,4
2025-11-10 07:32:40,2498.1,2498.25,2497.91,2498.05,4
2025-11-10 07:33:40,2498.05,2498.05,2497.18,2497.18,4
2025-11-10 07:34:40,2497.18,2497.4,2497.01,2497.4,4
2025-11-10 07:35:40,2497.4,2497.94,2497.1,2497.94,4
2025-11-10 07:36:40,2497.94,2498.6,2497.94,2498.6,4
2025-11-10 07:37:40,2498.6,2498.6,2498.02,2498.06,4
2025-11-10 07:38:40,2498.06,2498.38,2498.06,2498.13,4
2025-11-10 07:39:40,2498.13,2498.19,2497.89,2497.89,4
2025-11-10 07:40:40,2497.89,2498.23,2497.68,2497.68,4
2025-11-10 07:41:40,2497.68,2497.96,2497.62,2497.96,4
2025-11-10 07:42:40,2497.96,2497.96,2497.53,2497.72,4
2025-11-10 07:43:40,2497.72,2497.72,2497.16,2497.34,4
2025-11-10 07:44:40,2497.34,2497.34,2497.09,2497.31,4
2025-11-10 07:45:40,2497.31,2497.61,2496.94,2496.94,4
2025-11-10 07:46:40,2496.94,2496.94,2496.37,2496.37,4
2025-11-10 07:47:40,2496.37,2496.7,2495.81,2495.81,4
2025-11-10 07:48:40,2495.81,2496.09,2495.62,2495.62,4
2025-11-10 07:49:40,2495.62,2495.99,2495.62,2495.99,4
2025-11-10 07:50:40,2495.99,2496.22,2495.8,2496.22,4
2025-11-10 07:51:40,2496.22,2496.22,2495.99,2495.99,4
2025-11-10 07:52:40,2495.99,2496.74,2495.99,2496.74,4
2025-11-10 07:53:40,2496.74,2497.68,2496.74,2497.68,4
2025-11-10 07:54:40,2497.68,2497.68,2497.43,2497.67,4
2025-11-10 07:55:40,2497.67,2497.67,2497.12,2497.12,4
2025-11-10 07:56:40,2497.12,2497.57,2497.12,2497.48,4
2025-11-10 07:57:40,2497.48,2497.49,2497.04,2497.04,4
2025-11-10 07:58:40,2497.04,2497.67,2497.04,2497.67,4
2025-11-10 07:59:40,2497.67,2497.67,2497.23,2497.23,4
2025-11-10 08:00:40,2497.23,2497.66,2497.23,2497.44,4
2025-11-10 08:01:40,2497.44,2497.87,2497.35,2497.87,4
2025-11-10 08:02:40,2497.87,2497.87,2497.64,2497.77,4
2025-11-10 08:03:40,2497.77,2498.12,2497.53,2498.12,4
2025-11-10 08:04:40,2498.12,2498.58,2498.12,2498.55,4
2025-11-10 08:05:40,2498.55,2498.68,2498.53,2498.59,4
2025-11-10 08:06:40,2498.59,2499.62,2498.59,2499.62,4
2025-11-10 08:07:40,2499.62,2500.6,2499.62,2500.6,4
2025-11-10 08:08:40,2500.6,2500.6,2499.89,2500.37,4
2025-11-10 08:09:40,2500.37,2500.84,2500.37,2500.84,4
2025-11-10 08:10:40,2500.84,2501.06,2500.59,2500.66,4
2025-11-10 08:11:40,2500.66,2500.66,2500.27,2500.43,4
2025-11-10 08:12:40,2500.43,2501.0,2500.43,2500.96,4
2025-11-10 08:13:40,2500.96,2501.03,2500.54,2500.54,4
2025-11-10 08:14:40,2500.54,2500.79,2500.0,2500.0,4
2025-11-10 08:15:40,2500.0,2500.0,2499.32,2499.32,4
2025-11-10 08:16:40,2499.32,2499.32,2498.4,2498.4,4
2025-11-10 08:17:40,2498.4,2498.83,2498.34,2498.83,4
2025-11-10 08:18:40,2498.83,2498.83,2497.96,2497.96,4
2025-11-10 08:19:40,2497.96,2497.96,2497.62,2497.74,4
2025-11-10 08:20:40,2497.74,2498.0,2497.55,2497.77,4
2025-11-10 08:21:40,2497.77,2497.77,2497.28,2497.28,4
2025-11-10 08:22:40,2497.28,2498.2,2497.28,2498.2,4
2025-11-10 08:23:40,2498.2,2498.2,2497.49,2497.54,4
2025-11-10 08:24:40,2497.54,2497.54,2496.83,2497.03,4
2025-11-10 08:25:40,2497.03,2497.03,2496.61,2496.96,4
2025-11-10 08:26:40,2496.96,2497.05,2496.6,2497.05,4
2025-11-10 08:27:40,2497.05,2497.29,2497.05,2497.29,4
2025-11-10 08:28:40,2497.29,2497.57,2496.86,2497.57,4
2025-11-10 08:29:40,2497.57,2498.2,2497.57,2498.2,4
2025-11-10 08:30:40,2498.2,2498.58,2498.2,2498.52,4
2025-11-10 08:31:40,2498.52,2498.59,2498.07,2498.07,4
2025-11-10 08:32:40,2498.07,2498.43,2498.07,2498.31,4
2025-11-10 08:33:40,2498.31,2498.31,2497.82,2498.13,4
2025-11-10 08:34:40,2498.13,2498.72,2498.13,2498.72,4
2025-11-10 08:35:40,2498.72,2498.77,2498.45,2498.61,4
2025-11-10 08:36:40,2498.61,2499.47,2498.61,2499.44,4
2025-11-10 08:37:40,2499.44,2499.79,2499.33,2499.79,4
2025-11-10 08:38:40,2499.79,2499.79,2499.26,2499.26,4
2025-11-10 08:39:40,2499.26,2499.38,2499.17,2499.31,4
2025-11-10 08:40:40,2499.31,2499.31,2498.71,2498.81,4
2025-11-10 08:41:40,2498.81,2498.87,2498.39,2498.39,4
2025-11-10 08:42:40,2498.39,2498.9,2498.1,2498.9,4
2025-11-10 08:43:40,2498.9,2498.9,2498.46,2498.57,4
2025-11-10 08:44:40,2498.57,2498.67,2497.81,2497.81,4
2025-11-10 08:45:40,2497.81,2498.87,2497.81,2498.87,4
2025-11-10 08:46:40,2498.87,2498.87,2498.34,2498.83,4
2025-11-10 08:47:40,2498.83,2499.11,2498.83,2499.11,4
2025-11-10 08:48:40,2499.11,2499.49,2499.04,2499.15,4
2025-11-10 08:49:40,2499.15,2499.15,2498.22,2498.22,4
2025-11-10 08:50:40,2498.22,2498.29,2498.17,2498.29,4
2025-11-10 08:51:40,2498.29,2498.67,2498.22,2498.22,4
2025-11-10 08:52:40,2498.22,2498.68,2498.2,2498.2,4
2025-11-10 08:53:40,2498.2,2498.27,2497.83,2498.27,4
2025-11-10 08:54:40,2498.27,2498.81,2498.27,2498.81,4
2025-11-10 08:55:40,2498.81,2499.55,2498.81,2499.55,4
2025-11-10 08:56:40,2499.55,2499.88,2499.41,2499.88,4
2025-11-10 08:57:40,2499.88,2499.88,2499.24,2499.24,4
2025-11-10 08:58:40,2499.24,2499.24,2498.88,2499.15,4
2025-11-10 08:59:40,2499.15,2499.27,2498.63,2498.63,4
2025-11-10 09:00:40,2498.63,2499.01,2498.63,2499.01,4
2025-11-10 09:01:40,2499.01,2499.14,2498.97,2498.97,4
2025-11-10 09:02:40,2498.97,2498.97,2498.39,2498.39,4
2025-11-10 09:03:40,2498.39,2498.65,2498.14,2498.65,4
2025-11-10 09:04:40,2498.65,2498.76,2498.54,2498.76,4
2025-11-10 09:05:40,2498.76,2498.76,2498.3,2498.33,4
2025-11-10 09:06:40,2498.33,2498.67,2498.19,2498.42,4
2025-11-10 09:07:40,2498.42,2498.67,2498.16,2498.67,4
2025-11-10 09:08:40,2498.67,2499.36,2498.67,2499.36,4
2025-11-10 09:09:40,2499.36,2500.11,2499.36,2499.68,4
2025-11-10 09:10:40,2499.68,2499.68,2498.51,2498.51,4
2025-11-10 09:11:40,2498.51,2498.73,2498.29,2498.57,4
2025-11-10 09:12:40,2498.57,2498.83,2498.17,2498.83,4
2025-11-10 09:13:40,2498.83,2498.83,2498.17,2498.17,4
2025-11-10 09:14:40,2498.17,2498.65,2497.92,2497.92,4
2025-11-10 09:15:40,2497.92,2498.66,2497.92,2498.21,4
2025-11-10 09:16:40,2498.21,2498.41,2498.21,2498.41,4
2025-11-10 09:17:40,2498.41,2498.41,2497.62,2498.07,4
2025-11-10 09:18:40,2498.07,2498.68,2498.07,2498.32,4
2025-11-10 09:19:40,2498.32,2498.63,2498.32,2498.48,4
2025-11-10 09:20:40,2498.48,2498.6,2498.18,2498.59,4
2025-11-10 09:21:40,2498.59,2498.59,2498.18,2498.44,4
2025-11-10 09:22:40,2498.44,2498.92,2498.44,2498.92,4
2025-11-10 09:23:40,2498.92,2498.97,2498.89,2498.89,4
2025-11-10 09:24:40,2498.89,2498.89,2498.18,2498.18,4
2025-11-10 09:25:40,2498.18,2498.18,2497.28,2497.28,4
2025-11-10 09:26:40,2497.28,2497.69,2497.28,2497.48,4
2025-11-10 09:27:40,2497.48,2497.66,2497.48,2497.66,4
2025-11-10 09:28:40,2497.66,2497.66,2496.97,2496.97,4
2025-11-10 09:29:40,2496.97,2497.1,2496.91,2497.05,4
2025-11-10 09:30:40,2497.05,2497.34,2496.91,2497.34,4
2025-11-10 09:31:40,2497.34,2497.72,2497.34,2497.51,4
2025-11-10 09:32:40,2497.51,2497.51,2497.09,2497.2,4
2025-11-10 09:33:40,2497.2,2497.87,2497.2,2497.87,4
2025-11-10 09:34:40,2497.87,2497.87,2497.05,2497.09,4
2025-11-10 09:35:40,2497.09,2497.22,2496.85,2496.85,4
2025-11-10 09:36:40,2496.85,2496.85,2496.61,2496.61,4
2025-11-10 09:37:40,2496.61,2496.61,2495.7,2495.7,4
2025-11-10 09:38:40,2495.7,2496.05,2495.36,2495.36,4
2025-11-10 09:39:40,2495.36,2496.27,2495.36,2496.27,4
2025-11-10 09:40:40,2496.27,2497.31,2496.27,2497.31,4
2025-11-10 09:41:40,2497.31,2497.89,2497.31,2497.89,4
2025-11-10 09:42:40,2497.89,2498.78,2497.89,2498.78,4
2025-11-10 09:43:40,2498.78,2499.02,2498.26,2498.26,4
2025-11-10 09:44:40,2498.26,2498.26,2497.79,2498.22,4
2025-11-10 09:45:40,2498.22,2498.22,2497.67,2497.67,4
2025-11-10 09:46:40,2497.67,2498.14,2497.63,2497.63,4
2025-11-10 09:47:40,2497.63,2497.85,2497.42,2497.85,4
2025-11-10 09:48:40,2497.85,2498.83,2497.85,2498.83,4
2025-11-10 09:49:40,2498.83,2498.83,2497.85,2497.85,4
2025-11-10 09:50:40,2497.85,2499.01,2497.85,2499.01,4
2025-11-10 09:51:40,2499.01,2499.07,2498.86,2498.86,4
2025-11-10 09:52:40,2498.86,2499.15,2498.79,2499.15,4
2025-11-10 09:53:40,2499.15,2499.15,2498.39,2498.73,4
2025-11-10 09:54:40,2498.73,2499.34,2498.73,2499.34,4
2025-11-10 09:55:40,2499.34,2500.54,2499.34,2500.54,4
2025-11-10 09:56:40,2500.54,2500.54,2499.62,2499.62,4
2025-11-10 09:57:40,2499.62,2500.42,2499.62,2500.42,4
2025-11-10 09:58:40,2500.42,2501.14,2500.42,2501.14,4
2025-11-10 09:59:40,2501.14,2501.16,2500.95,2500.95,4
2025-11-10 10:00:40,2500.95,2501.28,2500.95,2500.95,4
2025-11-10 10:01:40,2500.95,2501.4,2500.95,2501.21,4
2025-11-10 10:02:40,2501.21,2501.59,2501.21,2501.56,4
2025-11-10 10:03:40,2501.56,2501.99,2501.56,2501.99,4
2025-11-10 10:04:40,2501.99,2502.48,2501.99,2502.48,4
2025-11-10 10:05:40,2502.48,2503.16,2502.48,2502.89,4
2025-11-10 10:06:40,2502.89,2503.39,2502.89,2503.08,4
2025-11-10 10:07:40,2503.08,2503.09,2502.7,2502.7,4
2025-11-10 10:08:40,2502.7,2502.75,2502.27,2502.75,4
2025-11-10 10:09:40,2502.75,2502.93,2502.65,2502.93,4
2025-11-10 10:10:40,2502.93,2503.62,2502.93,2503.23,4
2025-11-10 10:11:40,2503.23,2503.79,2503.23,2503.43,4
2025-11-10 10:12:40,2503.43,2503.59,2503.24,2503.51,4
2025-11-10 10:13:40,2503.51,2503.57,2502.99,2502.99,4
2025-11-10 10:14:40,2502.99,2503.17,2502.6,2502.6,4
2025-11-10 10:15:40,2502.6,2502.6,2502.28,2502.58,4
2025-11-10 10:16:40,2502.58,2503.22,2502.58,2502.9,4
2025-11-10 10:17:40,2502.9,2503.21,2502.83,2502.83,4
2025-11-10 10:18:40,2502.83,2502.83,2502.25,2502.42,4
2025-11-10 10:19:40,2502.42,2502.53,2501.78,2501.78,4
2025-11-10 10:20:40,2501.78,2501.78,2501.42,2501.55,4
2025-11-10 10:21:40,2501.55,2501.86,2501.55,2501.76,4
2025-11-10 10:22:40,2501.76,2501.76,2501.08,2501.08,4
2025-11-10 10:23:40,2501.08,2501.55,2501.08,2501.55,4
2025-11-10 10:24:40,2501.55,2501.94,2501.48,2501.48,4
2025-11-10 10:25:40,2501.48,2501.71,2501.25,2501.25,4
2025-11-10 10:26:40,2501.25,2501.27,2500.34,2500.34,4
2025-11-10 10:27:40,2500.34,2501.35,2500.34,2501.35,4
2025-11-10 10:28:40,2501.35,2501.35,2501.05,2501.23,4
2025-11-10 10:29:40,2501.23,2501.56,2500.98,2500.98,4
2025-11-10 10:30:40,2500.98,2501.14,2500.97,2500.97,4
2025-11-10 10:31:40,2500.97,2501.13,2500.81,2500.81,4
2025-11-10 10:32:40,2500.81,2501.16,2500.81,2501.0,4
2025-11-10 10:33:40,2501.0,2501.0,2500.59,2500.59,4
2025-11-10 10:34:40,2500.59,2500.59,2500.11,2500.38,4
2025-11-10 10:35:40,2500.38,2500.59,2500.2,2500.22,4
2025-11-10 10:36:40,2500.22,2500.48,2499.89,2500.48,4
2025-11-10 10:37:40,2500.48,2501.34,2500.48,2501.34,4
2025-11-10 10:38:40,2501.34,2501.67,2501.34,2501.67,4
2025-11-10 10:39:40,2501.67,2502.34,2501.67,2502.34,4
2025-11-10 10:40:40,2502.34,2502.94,2502.34,2502.94,4
2025-11-10 10:41:40,2502.94,2503.36,2502.94,2503.36,4
2025-11-10 10:42:40,2503.36,2503.78,2503.36,2503.71,4
2025-11-10 10:43:40,2503.71,2504.01,2503.71,2504.01,4
2025-11-10 10:44:40,2504.01,2504.73,2504.01,2504.73,4
2025-11-10 10:45:40,2504.73,2504.92,2504.73,2504.92,4
2025-11-10 10:46:40,2504.92,2505.36,2504.92,2505.36,4
2025-11-10 10:47:40,2505.36,2505.54,2505.19,2505.54,4
2025-11-10 10:48:40,2505.54,2506.51,2505.54,2506.51,4
2025-11-10 10:49:40,2506.51,2506.97,2506.51,2506.82,4
2025-11-10 10:50:40,2506.82,2507.2,2506.82,2507.2,4
2025-11-10 10:51:40,2507.2,2507.51,2507.19,2507.48,4
2025-11-10 10:52:40,2507.48,2507.51,2507.08,2507.08,4
2025-11-10 10:53:40,2507.08,2507.08,2506.68,2506.82,4
2025-11-10 10:54:40,2506.82,2507.24,2506.82,2507.24,4
2025-11-10 10:55:40,2507.24,2507.73,2507.24,2507.56,4
2025-11-10 10:56:40,2507.56,2507.56,2507.14,2507.33,4
2025-11-10 10:57:40,2507.33,2507.33,2506.69,2506.78,4
2025-11-10 10:58:40,2506.78,2506.78,2506.25,2506.26,4
2025-11-10 10:59:40,2506.26,2506.53,2506.24,2506.53,4
2025-11-10 11:00:40,2506.53,2506.73,2506.21,2506.73,4
2025-11-10 11:01:40,2506.73,2506.73,2506.11,2506.34,4
2025-11-10 11:02:40,2506.34,2506.76,2506.2,2506.2,4
2025-11-10 11:03:40,2506.2,2506.2,2505.73,2505.73,4
2025-11-10 11:04:40,2505.73,2505.73,2504.75,2504.75,4
2025-11-10 11:05:40,2504.75,2504.75,2504.03,2504.03,4
2025-11-10 11:06:40,2504.03,2504.34,2503.88,2504.34,4
2025-11-10 11:07:40,2504.34,2504.88,2504.34,2504.63,4
2025-11-10 11:08:40,2504.63,2504.63,2503.74,2503.74,4
2025-11-10 11:09:40,2503.74,2503.74,2503.2,2503.51,4
2025-11-10 11:10:40,2503.51,2504.38,2503.51,2504.22,4
2025-11-10 11:11:40,2504.22,2504.43,2504.22,2504.28,4
2025-11-10 11:12:40,2504.28,2504.28,2503.43,2503.43,4
2025-11-10 11:13:40,2503.43,2503.86,2503.18,2503.86,4
2025-11-10 11:14:40,2503.86,2504.19,2503.72,2503.72,4
2025-11-10 11:15:40,2503.72,2503.72,2503.19,2503.19,4
2025-11-10 11:16:40,2503.19,2503.19,2502.21,2502.21,4
2025-11-10 11:17:40,2502.21,2502.95,2502.21,2502.67,4
2025-11-10 11:18:40,2502.67,2503.57,2502.67,2503.57,4
2025-11-10 11:19:40,2503.57,2504.32,2503.57,2504.08,4
2025-11-10 11:20:40,2504.08,2504.19,2504.04,2504.04,4
2025-11-10 11:21:40,2504.04,2504.04,2503.47,2503.47,4
2025-11-10 11:22:40,2503.47,2504.19,2503.47,2504.19,4
2025-11-10 11:23:40,2504.19,2504.49,2503.82,2503.82,4
2025-11-10 11:24:40,2503.82,2503.82,2503.3,2503.3,4
2025-11-10 11:25:40,2503.3,2503.53,2503.21,2503.53,4
2025-11-10 11:26:40,2503.53,2503.92,2503.19,2503.92,4
2025-11-10 11:27:40,2503.92,2504.04,2503.59,2504.04,4
2025-11-10 11:28:40,2504.04,2504.24,2503.83,2503.83,4
2025-11-10 11:29:40,2503.83,2504.1,2503.5,2504.1,4
2025-11-10 11:30:40,2504.1,2504.36,2504.1,2504.36,4
2025-11-10 11:31:40,2504.36,2504.54,2504.14,2504.54,4
2025-11-10 11:32:40,2504.54,2505.03,2504.54,2505.01,4
2025-11-10 11:33:40,2505.01,2505.01,2504.01,2504.05,4
2025-11-10 11:34:40,2504.05,2505.12,2504.05,2505.12,4
2025-11-10 11:35:40,2505.12,2505.33,2504.86,2505.33,4
2025-11-10 11:36:40,2505.33,2505.33,2504.51,2504.62,4
2025-11-10 11:37:40,2504.62,2504.62,2504.04,2504.07,4
2025-11-10 11:38:40,2504.07,2504.26,2503.81,2504.26,4
2025-11-10 11:39:40,2504.26,2504.44,2504.2,2504.2,4
2025-11-10 11:40:40,2504.2,2504.2,2503.34,2503.34,4
2025-11-10 11:41:40,2503.34,2503.62,2503.34,2503.62,4
2025-11-10 11:42:40,2503.62,2503.92,2503.49,2503.5,4
2025-11-10 11:43:40,2503.5,2503.5,2502.96,2502.96,4
2025-11-10 11:44:40,2502.96,2503.63,2502.96,2503.16,4
2025-11-10 11:45:40,2503.16,2503.17,2502.83,2503.17,4
2025-11-10 11:46:40,2503.17,2503.17,2502.72,2502.93,4
2025-11-10 11:47:40,2502.93,2503.81,2502.93,2503.81,4
2025-11-10 11:48:40,2503.81,2503.81,2503.55,2503.8,4
2025-11-10 11:49:40,2503.8,2504.23,2503.38,2503.38,4
2025-11-10 11:50:40,2503.38,2503.38,2502.49,2502.49,4
2025-11-10 11:51:40,2502.49,2502.49,2501.6,2501.6,4
2025-11-10 11:52:40,2501.6,2502.07,2501.6,2501.73,4
2025-11-10 11:53:40,2501.73,2502.59,2501.73,2502.59,4
2025-11-10 11:54:40,2502.59,2502.59,2502.16,2502.16,4
2025-11-10 11:55:40,2502.16,2502.16,2501.52,2501.95,4
2025-11-10 11:56:40,2501.95,2502.02,2501.53,2501.53,4
2025-11-10 11:57:40,2501.53,2502.06,2501.53,2501.68,4
2025-11-10 11:58:40,2501.68,2502.38,2501.68,2502.2,4
2025-11-10 11:59:40,2502.2,2502.39,2501.72,2502.39,4
2025-11-10 12:00:40,2502.39,2503.07,2502.26,2503.07,4
2025-11-10 12:01:40,2503.07,2503.07,2502.56,2502.56,4
2025-11-10 12:02:40,2502.56,2502.64,2502.5,2502.64,4
2025-11-10 12:03:40,2502.64,2503.5,2502.64,2503.37,4
2025-11-10 12:04:40,2503.37,2503.66,2503.27,2503.27,4
2025-11-10 12:05:40,2503.27,2503.29,2502.77,2503.29,4
2025-11-10 12:06:40,2503.29,2504.31,2503.29,2504.31,4
2025-11-10 12:07:40,2504.31,2504.87,2504.31,2504.87,4
2025-11-10 12:08:40,2504.87,2505.46,2504.87,2505.46,4
2025-11-10 12:09:40,2505.46,2505.46,2505.15,2505.15,4
2025-11-10 12:10:40,2505.15,2506.07,2505.15,2506.07,4
2025-11-10 12:11:40,2506.07,2506.54,2506.07,2506.44,4
2025-11-10 12:12:40,2506.44,2506.52,2506.41,2506.41,4
2025-11-10 12:13:40,2506.41,2506.41,2506.26,2506.26,4
2025-11-10 12:14:40,2506.26,2506.44,2505.76,2505.76,4
2025-11-10 12:15:40,2505.76,2506.11,2505.7,2505.7,4
2025-11-10 12:16:40,2505.7,2505.7,2505.09,2505.09,4
2025-11-10 12:17:40,2505.09,2505.09,2504.38,2504.38,4
2025-11-10 12:18:40,2504.38,2504.49,2504.21,2504.49,4
2025-11-10 12:19:40,2504.49,2504.83,2504.49,2504.61,4
2025-11-10 12:20:40,2504.61,2504.61,2504.07,2504.11,4
2025-11-10 12:21:40,2504.11,2504.27,2503.36,2503.36,4
2025-11-10 12:22:40,2503.36,2503.67,2502.89,2502.89,4
2025-11-10 12:23:40,2502.89,2503.33,2502.89,2503.2,4
2025-11-10 12:24:40,2503.2,2503.67,2502.73,2502.73,4
2025-11-10 12:25:40,2502.73,2502.73,2502.49,2502.64,4
2025-11-10 12:26:40,2502.64,2503.01,2502.57,2502.57,4
2025-11-10 12:27:40,2502.57,2502.57,2502.32,2502.36,4
2025-11-10 12:28:40,2502.36,2502.36,2501.34,2501.34,4
2025-11-10 12:29:40,2501.34,2501.74,2501.34,2501.71,4
2025-11-10 12:30:40,2501.71,2501.78,2501.41,2501.78,4
2025-11-10 12:31:40,2501.78,2501.78,2501.64,2501.75,4
2025-11-10 12:32:40,2501.75,2502.04,2501.5,2501.5,4
2025-11-10 12:33:40,2501.5,2501.59,2501.15,2501.59,4
2025-11-10 12:34:40,2501.59,2502.36,2501.59,2501.92,4
2025-11-10 12:35:40,2501.92,2501.97,2501.2,2501.2,4
2025-11-10 12:36:40,2501.2,2501.75,2501.1,2501.75,4
2025-11-10 12:37:40,2501.75,2501.75,2501.49,2501.66,4
2025-11-10 12:38:40,2501.66,2501.98,2501.59,2501.68,4
2025-11-10 12:39:40,2501.68,2501.71,2501.41,2501.56,4
2025-11-10 12:40:40,2501.56,2502.63,2501.56,2502.63,4
2025-11-10 12:41:40,2502.63,2502.63,2501.8,2501.8,4
2025-11-10 12:42:40,2501.8,2502.23,2501.75,2502.23,4
2025-11-10 12:43:40,2502.23,2503.24,2502.23,2503.24,4
2025-11-10 12:44:40,2503.24,2503.39,2503.0,2503.39,4
2025-11-10 12:45:40,2503.39,2503.54,2503.1,2503.1,4
2025-11-10 12:46:40,2503.1,2503.21,2502.78,2503.07,4
2025-11-10 12:47:40,2503.07,2503.07,2502.61,2503.01,4
2025-11-10 12:48:40,2503.01,2503.92,2503.01,2503.92,4
2025-11-10 12:49:40,2503.92,2504.26,2503.82,2503.84,4
2025-11-10 12:50:40,2503.84,2503.85,2503.58,2503.58,4
2025-11-10 12:51:40,2503.58,2503.58,2502.68,2502.68,4
2025-11-10 12:52:40,2502.68,2503.1,2502.68,2503.1,4
2025-11-10 12:53:40,2503.1,2503.44,2502.6,2502.6,4
2025-11-10 12:54:40,2502.6,2502.89,2502.59,2502.59,4
2025-11-10 12:55:40,2502.59,2502.95,2502.42,2502.95,4
2025-11-10 12:56:40,2502.95,2503.15,2502.76,2502.76,4
2025-11-10 12:57:40,2502.76,2502.77,2502.55,2502.77,4
2025-11-10 12:58:40,2502.77,2502.77,2502.19,2502.19,4
2025-11-10 12:59:40,2502.19,2502.38,2501.95,2502.32,4
2025-11-10 13:00:40,2502.32,2502.7,2502.29,2502.7,4
2025-11-10 13:01:40,2502.7,2503.17,2502.43,2503.17,4
2025-11-10 13:02:40,2503.17,2503.17,2502.8,2503.0,4
2025-11-10 13:03:40,2503.0,2503.29,2502.88,2503.09,4
2025-11-10 13:04:40,2503.09,2503.93,2503.09,2503.93,4
2025-11-10 13:05:40,2503.93,2503.93,2503.59,2503.63,4
2025-11-10 13:06:40,2503.63,2504.52,2503.63,2504.52,4
2025-11-10 13:07:40,2504.52,2504.52,2503.47,2503.47,4
2025-11-10 13:08:40,2503.47,2503.47,2503.07,2503.45,4
2025-11-10 13:09:40,2503.45,2503.45,2502.39,2502.39,4
2025-11-10 13:10:40,2502.39,2503.15,2502.39,2503.15,4
2025-11-10 13:11:40,2503.15,2503.29,2502.84,2502.84,4
2025-11-10 13:12:40,2502.84,2502.84,2502.01,2502.01,4
2025-11-10 13:13:40,2502.01,2502.82,2502.01,2502.82,4
2025-11-10 13:14:40,2502.82,2502.82,2502.37,2502.37,4
2025-11-10 13:15:40,2502.37,2502.37,2501.66,2501.66,4
2025-11-10 13:16:40,2501.66,2501.66,2501.44,2501.59,4
2025-11-10 13:17:40,2501.59,2501.59,2501.24,2501.3,4
2025-11-10 13:18:40,2501.3,2501.3,2500.38,2500.38,4
2025-11-10 13:19:40,2500.38,2500.38,2499.67,2499.97,4
2025-11-10 13:20:40,2499.97,2500.19,2499.49,2500.19,4
2025-11-10 13:21:40,2500.19,2500.19,2499.24,2499.24,4
2025-11-10 13:22:40,2499.24,2499.38,2498.89,2499.38,4
2025-11-10 13:23:40,2499.38,2499.38,2499.15,2499.23,4
2025-11-10 13:24:40,2499.23,2499.37,2498.69,2498.69,4
2025-11-10 13:25:40,2498.69,2498.75,2498.39,2498.73,4
2025-11-10 13:26:40,2498.73,2498.73,2498.48,2498.67,4
2025-11-10 13:27:40,2498.67,2498.98,2498.56,2498.98,4
2025-11-10 13:28:40,2498.98,2498.98,2498.79,2498.91,4
2025-11-10 13:29:40,2498.91,2498.91,2498.24,2498.54,4
2025-11-10 13:30:40,2498.54,2498.93,2498.52,2498.93,4
2025-11-10 13:31:40,2498.93,2499.14,2498.7,2498.71,4
2025-11-10 13:32:40,2498.71,2498.93,2497.96,2497.96,4
2025-11-10 13:33:40,2497.96,2498.53,2497.96,2498.3,4
2025-11-10 13:34:40,2498.3,2498.3,2497.8,2497.89,4
2025-11-10 13:35:40,2497.89,2498.03,2497.89,2497.94,4
2025-11-10 13:36:40,2497.94,2498.61,2497.92,2498.61,4
2025-11-10 13:37:40,2498.61,2499.36,2498.61,2499.36,4
2025-11-10 13:38:40,2499.36,2499.36,2499.04,2499.19,4
2025-11-10 13:39:40,2499.19,2499.33,2498.76,2499.33,4
2025-11-10 13:40:40,2499.33,2499.4,2499.08,2499.4,4
2025-11-10 13:41:40,2499.4,2499.4,2498.91,2499.25,4
2025-11-10 13:42:40,2499.25,2499.82,2499.25,2499.82,4
2025-11-10 13:43:40,2499.82,2500.27,2499.8,2499.97,4
2025-11-10 13:44:40,2499.97,2499.97,2498.89,2498.89,4
2025-11-10 13:45:40,2498.89,2498.9,2498.53,2498.84,4
2025-11-10 13:46:40,2498.84,2499.3,2498.59,2498.59,4
2025-11-10 13:47:40,2498.59,2498.78,2498.38,2498.78,4
2025-11-10 13:48:40,2498.78,2498.78,2498.39,2498.55,4
2025-11-10 13:49:40,2498.55,2498.55,2498.25,2498.29,4
2025-11-10 13:50:40,2498.29,2498.29,2497.64,2497.64,4
2025-11-10 13:51:40,2497.64,2497.64,2497.47,2497.49,4
2025-11-10 13:52:40,2497.49,2497.49,2496.72,2496.72,4
2025-11-10 13:53:40,2496.72,2497.09,2496.62,2497.09,4
2025-11-10 13:54:40,2497.09,2497.09,2495.94,2495.94,4
2025-11-10 13:55:40,2495.94,2496.28,2495.92,2496.28,4
2025-11-10 13:56:40,2496.28,2496.96,2496.28,2496.96,4
2025-11-10 13:57:40,2496.96,2497.97,2496.96,2497.97,4
2025-11-10 13:58:40,2497.97,2498.01,2497.34,2497.34,4
2025-11-10 13:59:40,2497.34,2497.34,2496.21,2496.21,4
2025-11-10 14:00:40,2496.21,2496.94,2496.21,2496.55,4
2025-11-10 14:01:40,2496.55,2496.55,2495.95,2495.95,4
2025-11-10 14:02:40,2495.95,2495.95,2495.28,2495.76,4
2025-11-10 14:03:40,2495.76,2495.92,2495.58,2495.77,4
2025-11-10 14:04:40,2495.77,2495.77,2495.19,2495.19,4
2025-11-10 14:05:40,2495.19,2495.39,2494.99,2495.03,4
2025-11-10 14:06:40,2495.03,2495.08,2494.88,2495.06,4
2025-11-10 14:07:40,2495.06,2495.16,2494.6,2495.16,4
2025-11-10 14:08:40,2495.16,2495.16,2494.27,2494.27,4
2025-11-10 14:09:40,2494.27,2494.37,2494.13,2494.13,4
2025-11-10 14:10:40,2494.13,2494.13,2493.73,2493.73,4
2025-11-10 14:11:40,2493.73,2493.73,2493.07,2493.07,4
2025-11-10 14:12:40,2493.07,2493.82,2493.07,2493.66,4
2025-11-10 14:13:40,2493.66,2493.66,2493.23,2493.46,4
2025-11-10 14:14:40,2493.46,2493.79,2493.32,2493.32,4
2025-11-10 14:15:40,2493.32,2493.92,2493.32,2493.92,4
2025-11-10 14:16:40,2493.92,2494.22,2493.79,2494.22,4
2025-11-10 14:17:40,2494.22,2494.22,2493.25,2493.25,4
2025-11-10 14:18:40,2493.25,2494.09,2493.25,2494.09,4
2025-11-10 14:19:40,2494.09,2494.32,2494.0,2494.0,4
2025-11-10 14:20:40,2494.0,2494.27,2493.44,2493.44,4
2025-11-10 14:21:40,2493.44,2493.53,2493.14,2493.15,4
2025-11-10 14:22:40,2493.15,2493.19,2492.85,2492.89,4
2025-11-10 14:23:40,2492.89,2493.04,2492.5,2493.04,4
2025-11-10 14:24:40,2493.04,2493.27,2492.82,2492.82,4
2025-11-10 14:25:40,2492.82,2493.13,2492.82,2492.9,4
2025-11-10 14:26:40,2492.9,2493.1,2492.55,2492.55,4
2025-11-10 14:27:40,2492.55,2492.63,2492.28,2492.58,4
2025-11-10 14:28:40,2492.58,2493.39,2492.56,2493.39,4
2025-11-10 14:29:40,2493.39,2493.87,2493.36,2493.87,4
2025-11-10 14:30:40,2493.87,2494.79,2493.87,2494.79,4
2025-11-10 14:31:40,2494.79,2495.27,2494.79,2494.97,4
2025-11-10 14:32:40,2494.97,2495.65,2494.97,2495.65,4
2025-11-10 14:33:40,2495.65,2495.65,2495.27,2495.27,4
2025-11-10 14:34:40,2495.27,2495.52,2494.94,2494.94,4
2025-11-10 14:35:40,2494.94,2495.23,2494.89,2494.98,4
2025-11-10 14:36:40,2494.98,2494.98,2494.78,2494.89,4
2025-11-10 14:37:40,2494.89,2495.38,2494.89,2495.02,4
2025-11-10 14:38:40,2495.02,2495.02,2494.62,2494.63,4
2025-11-10 14:39:40,2494.63,2494.79,2494.35,2494.45,4
2025-11-10 14:40:40,2494.45,2494.45,2493.64,2493.64,4
2025-11-10 14:41:40,2493.64,2494.31,2493.64,2494.31,4
2025-11-10 14:42:40,2494.31,2494.79,2494.06,2494.79,4
2025-11-10 14:43:40,2494.79,2495.62,2494.79,2495.62,4
2025-11-10 14:44:40,2495.62,2495.65,2495.34,2495.34,4
2025-11-10 14:45:40,2495.34,2495.62,2495.32,2495.62,4
2025-11-10 14:46:40,2495.62,2495.93,2495.62,2495.93,4
2025-11-10 14:47:40,2495.93,2496.34,2495.93,2496.05,4
2025-11-10 14:48:40,2496.05,2496.81,2496.05,2496.81,4
2025-11-10 14:49:40,2496.81,2497.26,2496.81,2497.08,4
2025-11-10 14:50:40,2497.08,2497.46,2497.0,2497.15,4
2025-11-10 14:51:40,2497.15,2497.57,2496.93,2497.57,4
2025-11-10 14:52:40,2497.57,2497.66,2497.18,2497.18,4
2025-11-10 14:53:40,2497.18,2497.53,2496.96,2496.96,4
2025-11-10 14:54:40,2496.96,2497.65,2496.96,2497.65,4
2025-11-10 14:55:40,2497.65,2498.37,2497.65,2498.35,4
2025-11-10 14:56:40,2498.35,2499.08,2498.35,2499.08,4
2025-11-10 14:57:40,2499.08,2499.08,2498.3,2498.3,4
2025-11-10 14:58:40,2498.3,2498.48,2498.09,2498.48,4
2025-11-10 14:59:40,2498.48,2499.02,2498.48,2499.02,4
2025-11-10 15:00:40,2499.02,2499.02,2498.76,2498.81,4
2025-11-10 15:01:40,2498.81,2498.83,2498.41,2498.5,4
2025-11-10 15:02:40,2498.5,2498.93,2498.5,2498.93,4
2025-11-10 15:03:40,2498.93,2499.67,2498.93,2499.32,4
2025-11-10 15:04:40,2499.32,2499.32,2498.39,2498.39,4
2025-11-10 15:05:40,2498.39,2498.68,2498.25,2498.25,4
2025-11-10 15:06:40,2498.25,2498.25,2497.88,2497.88,4
2025-11-10 15:07:40,2497.88,2498.31,2497.7,2497.7,4
2025-11-10 15:08:40,2497.7,2497.84,2497.7,2497.82,4
2025-11-10 15:09:40,2497.82,2498.07,2497.82,2497.91,4
2025-11-10 15:10:40,2497.91,2498.36,2497.69,2498.36,4
2025-11-10 15:11:40,2498.36,2498.71,2498.0,2498.0,4
2025-11-10 15:12:40,2498.0,2498.44,2497.7,2497.7,4
2025-11-10 15:13:40,2497.7,2498.17,2497.7,2497.71,4
2025-11-10 15:14:40,2497.71,2497.71,2497.05,2497.05,4
2025-11-10 15:15:40,2497.05,2497.45,2497.05,2497.14,4
2025-11-10 15:16:40,2497.14,2497.6,2497.14,2497.6,4
2025-11-10 15:17:40,2497.6,2498.26,2497.6,2497.99,4
2025-11-10 15:18:40,2497.99,2498.16,2497.84,2498.16,4
2025-11-10 15:19:40,2498.16,2498.16,2497.71,2497.71,4
2025-11-10 15:20:40,2497.71,2498.23,2497.71,2498.23,4
2025-11-10 15:21:40,2498.23,2498.33,2497.87,2497.87,4
2025-11-10 15:22:40,2497.87,2498.58,2497.87,2498.41,4
2025-11-10 15:23:40,2498.41,2499.02,2498.41,2498.73,4
2025-11-10 15:24:40,2498.73,2499.24,2498.73,2499.24,4
2025-11-10 15:25:40,2499.24,2499.24,2498.89,2498.9,4
2025-11-10 15:26:40,2498.9,2498.9,2498.04,2498.04,4
2025-11-10 15:27:40,2498.04,2498.04,2497.6,2497.96,4
2025-11-10 15:28:40,2497.96,2498.33,2497.96,2498.33,4
2025-11-10 15:29:40,2498.33,2498.5,2498.3,2498.4,4
2025-11-10 15:30:40,2498.4,2498.4,2498.08,2498.08,4
2025-11-10 15:31:40,2498.08,2498.51,2498.03,2498.26,4
2025-11-10 15:32:40,2498.26,2498.26,2497.48,2497.71,4
2025-11-10 15:33:40,2497.71,2497.97,2497.49,2497.73,4
2025-11-10 15:34:40,2497.73,2498.36,2497.7,2498.36,4
2025-11-10 15:35:40,2498.36,2498.36,2498.04,2498.25,4
2025-11-10 15:36:40,2498.25,2498.99,2498.25,2498.76,4
2025-11-10 15:37:40,2498.76,2499.43,2498.76,2499.43,4
2025-11-10 15:38:40,2499.43,2500.3,2499.43,2500.05,4
2025-11-10 15:39:40,2500.05,2500.68,2500.05,2500.67,4
2025-11-10 15:40:40,2500.67,2500.92,2500.56,2500.92,4
2025-11-10 15:41:40,2500.92,2500.92,2500.14,2500.46,4
2025-11-10 15:42:40,2500.46,2500.46,2499.8,2500.27,4
2025-11-10 15:43:40,2500.27,2500.27,2499.86,2499.86,4
2025-11-10 15:44:40,2499.86,2500.27,2499.86,2499.87,4
2025-11-10 15:45:40,2499.87,2500.34,2499.87,2500.29,4
2025-11-10 15:46:40,2500.29,2501.15,2500.29,2501.15,4
2025-11-10 15:47:40,2501.15,2501.15,2500.85,2500.85,4
2025-11-10 15:48:40,2500.85,2500.85,2500.45,2500.45,4
2025-11-10 15:49:40,2500.45,2500.99,2500.45,2500.63,4
2025-11-10 15:50:40,2500.63,2500.83,2500.47,2500.58,4
2025-11-10 15:51:40,2500.58,2500.58,2499.88,2500.2,4
2025-11-10 15:52:40,2500.2,2500.63,2500.2,2500.25,4
2025-11-10 15:53:40,2500.25,2500.66,2500.16,2500.66,4
2025-11-10 15:54:40,2500.66,2501.4,2500.66,2501.38,4
2025-11-10 15:55:40,2501.38,2501.38,2499.96,2499.96,4
2025-11-10 15:56:40,2499.96,2500.91,2499.96,2500.91,4
2025-11-10 15:57:40,2500.91,2500.91,2500.12,2500.12,4
2025-11-10 15:58:40,2500.12,2500.39,2500.1,2500.29,4
2025-11-10 15:59:40,2500.29,2501.44,2500.29,2501.44,4
2025-11-10 16:00:40,2501.44,2502.02,2501.43,2502.02,4
2025-11-10 16:01:40,2502.02,2502.07,2501.66,2501.75,4
2025-11-10 16:02:40,2501.75,2501.75,2500.97,2500.97,4
2025-11-10 16:03:40,2500.97,2500.97,2499.98,2500.25,4
2025-11-10 16:04:40,2500.25,2500.31,2500.07,2500.07,4
2025-11-10 16:05:40,2500.07,2500.85,2500.07,2500.65,4
2025-11-10 16:06:40,2500.65,2501.29,2500.65,2501.12,4
2025-11-10 16:07:40,2501.12,2501.58,2501.12,2501.21,4
2025-11-10 16:08:40,2501.21,2501.21,2500.28,2500.28,4
2025-11-10 16:09:40,2500.28,2500.68,2499.92,2499.92,4
2025-11-10 16:10:40,2499.92,2499.92,2499.25,2499.35,4
2025-11-10 16:11:40,2499.35,2499.57,2499.22,2499.57,4
2025-11-10 16:12:40,2499.57,2499.86,2499.53,2499.86,4
2025-11-10 16:13:40,2499.86,2499.86,2499.33,2499.33,4
2025-11-10 16:14:40,2499.33,2499.33,2498.63,2498.63,4
2025-11-10 16:15:40,2498.63,2498.63,2498.12,2498.33,4
2025-11-10 16:16:40,2498.33,2498.38,2497.82,2497.82,4
2025-11-10 16:17:40,2497.82,2498.29,2497.81,2498.29,4
2025-11-10 16:18:40,2498.29,2498.53,2498.17,2498.34,4
2025-11-10 16:19:40,2498.34,2498.34,2497.88,2497.88,4
2025-11-10 16:20:40,2497.88,2498.17,2497.84,2498.17,4
2025-11-10 16:21:40,2498.17,2498.32,2497.54,2497.54,4
2025-11-10 16:22:40,2497.54,2498.21,2497.54,2498.11,4
2025-11-10 16:23:40,2498.11,2498.39,2498.11,2498.39,4
2025-11-10 16:24:40,2498.39,2498.39,2497.19,2497.19,4
2025-11-10 16:25:40,2497.19,2497.19,2496.23,2496.23,4
2025-11-10 16:26:40,2496.23,2496.23,2495.64,2495.8,4
2025-11-10 16:27:40,2495.8,2496.21,2495.59,2495.59,4
2025-11-10 16:28:40,2495.59,2495.71,2495.51,2495.69,4
2025-11-10 16:29:40,2495.69,2495.69,2495.33,2495.33,4
2025-11-10 16:30:40,2495.33,2495.64,2495.19,2495.64,4
2025-11-10 16:31:40,2495.64,2496.56,2495.64,2496.56,4
2025-11-10 16:32:40,2496.56,2496.91,2496.39,2496.39,4
2025-11-10 16:33:40,2496.39,2496.62,2496.14,2496.14,4
2025-11-10 16:34:40,2496.14,2496.14,2495.56,2495.56,4
2025-11-10 16:35:40,2495.56,2496.27,2495.34,2496.27,4
2025-11-10 16:36:40,2496.27,2496.58,2496.09,2496.43,4
2025-11-10 16:37:40,2496.43,2496.49,2496.04,2496.4,4
2025-11-10 16:38:40,2496.4,2496.59,2495.89,2495.89,4
2025-11-10 16:39:40,2495.89,2496.25,2495.89,2496.11,4
2025-11-10 16:40:40,2496.11,2496.11,2495.49,2495.49,4
2025-11-10 16:41:40,2495.49,2495.49,2495.0,2495.05,4
2025-11-10 16:42:40,2495.05,2495.7,2495.05,2495.7,4
2025-11-10 16:43:40,2495.7,2495.7,2494.83,2494.83,4
2025-11-10 16:44:40,2494.83,2494.83,2494.42,2494.46,4
2025-11-10 16:45:40,2494.46,2494.46,2493.66,2493.79,4
2025-11-10 16:46:40,2493.79,2493.79,2493.43,2493.43,4
2025-11-10 16:47:40,2493.43,2493.43,2492.8,2492.8,4
2025-11-10 16:48:40,2492.8,2493.02,2492.69,2492.89,4
2025-11-10 16:49:40,2492.89,2493.36,2492.89,2492.94,4
2025-11-10 16:50:40,2492.94,2493.21,2492.8,2493.09,4
2025-11-10 16:51:40,2493.09,2493.2,2492.8,2493.2,4
2025-11-10 16:52:40,2493.2,2493.25,2492.77,2492.77,4
2025-11-10 16:53:40,2492.77,2492.77,2492.33,2492.33,4
2025-11-10 16:54:40,2492.33,2493.39,2492.33,2493.39,4
2025-11-10 16:55:40,2493.39,2494.03,2493.39,2494.03,4
2025-11-10 16:56:40,2494.03,2494.13,2493.97,2493.97,4
2025-11-10 16:57:40,2493.97,2494.37,2493.96,2493.96,4
2025-11-10 16:58:40,2493.96,2494.1,2493.96,2493.97,4
2025-11-10 16:59:40,2493.97,2493.97,2492.73,2492.73,4
2025-11-10 17:00:40,2492.73,2492.73,2492.18,2492.34,4
2025-11-10 17:01:40,2492.34,2492.52,2492.09,2492.09,4
2025-11-10 17:02:40,2492.09,2492.32,2491.96,2492.12,4
